Module,Artifact,Header Name,Type
DataUsage,get_DataUsage,"""Last Connect Timestamp""",datetime
DataUsage,get_DataUsage,"""First Usage Timestamp""",datetime
DataUsage,get_DataUsage,"""Last Usage Timestamp""",datetime
DataUsage,get_DataUsage,"""Bundle Name""",
DataUsage,get_DataUsage,"""Process Name""",
DataUsage,get_DataUsage,"""Entry Type""",
DataUsage,get_DataUsage,"""Wifi In (Bytes)""",
DataUsage,get_DataUsage,"""Wifi Out (Bytes)""",
DataUsage,get_DataUsage,"""Mobile/WWAN In (Bytes)""",
DataUsage,get_DataUsage,"""Mobile/WWAN Out (Bytes)""",
biomeAppinstall,get_biomeAppinstall,"""SEGB Timestamp""",datetime
biomeAppinstall,get_biomeAppinstall,"""Timestamp""",datetime
biomeAppinstall,get_biomeAppinstall,"""Time End""",datetime
biomeAppinstall,get_biomeAppinstall,"""Time Write""",datetime
biomeAppinstall,get_biomeAppinstall,"""SEGB State""",
biomeAppinstall,get_biomeAppinstall,"""Activity""",
biomeAppinstall,get_biomeAppinstall,"""Bundle ID""",
biomeAppinstall,get_biomeAppinstall,"""Bundle Info""",
biomeAppinstall,get_biomeAppinstall,"""App Info""",
biomeAppinstall,get_biomeAppinstall,"""App Info2""",
biomeAppinstall,get_biomeAppinstall,"""Action GUID""",
biomeAppinstall,get_biomeAppinstall,"""Filename""",
biomeAppinstall,get_biomeAppinstall,"""Offset""",
biomeBluetooth,get_biomeBluetooth,"""SEGB Timestamp""",datetime
biomeBluetooth,get_biomeBluetooth,"""SEGB State""",
biomeBluetooth,get_biomeBluetooth,"""MAC""",
biomeBluetooth,get_biomeBluetooth,"""Name""",
biomeBluetooth,get_biomeBluetooth,"""Filename""",
biomeBluetooth,get_biomeBluetooth,"""Offset""",
biomeDevWifi,get_biomeDevWifi,"""SEGB Timestamp""",datetime
biomeDevWifi,get_biomeDevWifi,"""SEGB State""",
biomeDevWifi,get_biomeDevWifi,"""SSID""",
biomeDevWifi,get_biomeDevWifi,"""Status""",
biomeDevWifi,get_biomeDevWifi,"""Filename""",
biomeDevWifi,get_biomeDevWifi,"""Offset""",
biomeBattperc,get_biomeBattperc,"""SEGB Timestamp""",datetime
biomeBattperc,get_biomeBattperc,"""Time Start""",datetime
biomeBattperc,get_biomeBattperc,"""Time End""",datetime
biomeBattperc,get_biomeBattperc,"""Time Write""",datetime
biomeBattperc,get_biomeBattperc,"""SEGB State""",
biomeBattperc,get_biomeBattperc,"""Activity""",
biomeBattperc,get_biomeBattperc,"""Battery Percentage""",
biomeBattperc,get_biomeBattperc,"""Action GUID""",
biomeBattperc,get_biomeBattperc,"""Filename""",
biomeBattperc,get_biomeBattperc,"""Offset""",
biomeAirpMode,get_biomeAirpMode,"""SEGB Timestamp""",datetime
biomeAirpMode,get_biomeAirpMode,"""Timestamp""",datetime
biomeAirpMode,get_biomeAirpMode,"""Timestamp2""",datetime
biomeAirpMode,get_biomeAirpMode,"""SEGB State""",
biomeAirpMode,get_biomeAirpMode,"""Event""",
biomeAirpMode,get_biomeAirpMode,"""GUID""",
biomeAirpMode,get_biomeAirpMode,"""Filename""",
biomeAirpMode,get_biomeAirpMode,"""Offset""",
biomeDevplugin,get_biomeDevplugin,"""SEGB Timestamp""",datetime
biomeDevplugin,get_biomeDevplugin,"""Time Start""",datetime
biomeDevplugin,get_biomeDevplugin,"""Time End""",datetime
biomeDevplugin,get_biomeDevplugin,"""Time Write""",datetime
biomeDevplugin,get_biomeDevplugin,"""SEGB State""",
biomeDevplugin,get_biomeDevplugin,"""Activity""",
biomeDevplugin,get_biomeDevplugin,"""Status""",
biomeDevplugin,get_biomeDevplugin,"""Action GUID""",
biomeDevplugin,get_biomeDevplugin,"""Filename""",
biomeDevplugin,get_biomeDevplugin,"""Offset""",
atxDatastore,atxDatastore,"""Timestamp""",datetime
atxDatastore,atxDatastore,"""Type""",
atxDatastore,atxDatastore,"""Latitude""",
atxDatastore,atxDatastore,"""Longitude""",
atxDatastore,atxDatastore,"""AppSessionStartDate""",
atxDatastore,atxDatastore,"""AppSessionEndDate""",
atxDatastore,atxDatastore,"""Location""",
atxDatastore,atxDatastore,"""Previous Location""",
atxDatastore,atxDatastore,"""ID""",
findMyItems,findMyItemsInfo,"""Name""",
findMyItems,findMyItemsInfo,"""Serial""",
findMyItems,findMyItemsInfo,"""ID""",
findMyItems,findMyItemsInfo,"""Role Name""",
findMyItems,findMyItemsInfo,"""Emoji""",
findMyItems,findMyItemsInfo,"""Role ID""",
findMyItems,findMyItemsInfo,"""Product Type""",
findMyItems,findMyItemsInfo,"""Manufacturer""",
findMyItems,findMyItemsInfo,"""Product ID""",
findMyItems,findMyItemsInfo,"""Vendor ID""",
findMyItems,findMyItemsInfo,"""Antenna Power""",
findMyItems,findMyItemsInfo,"""Group ID""",
findMyItems,findMyItemsInfo,"""Owner""",
findMyItems,findMyItemsInfo,"""Battery Status""",
findMyItems,findMyItemsInfo,"""Lost Mode""",
findMyItems,findMyItemsInfo,"""Capabilities""",
findMyItems,findMyItemsInfo,"""System Version""",
findMyItems,findMyItemsLocations,"""Timestamp""",datetime
findMyItems,findMyItemsLocations,"""Name""",
findMyItems,findMyItemsLocations,"""Serial""",
findMyItems,findMyItemsLocations,"""ID""",
findMyItems,findMyItemsLocations,"""Role Name""",
findMyItems,findMyItemsLocations,"""Emoji""",
findMyItems,findMyItemsLocations,"""Role ID""",
findMyItems,findMyItemsLocations,"""Product Type""",
findMyItems,findMyItemsLocations,"""Manufacturer""",
findMyItems,findMyItemsLocations,"""Product ID""",
findMyItems,findMyItemsLocations,"""Vendor ID""",
findMyItems,findMyItemsLocations,"""Antenna Power""",
findMyItems,findMyItemsLocations,"""Group ID""",
findMyItems,findMyItemsLocations,"""Owner""",
findMyItems,findMyItemsLocations,"""Battery Status""",
findMyItems,findMyItemsLocations,"""Lost Mode""",
findMyItems,findMyItemsLocations,"""Capabilities""",
findMyItems,findMyItemsLocations,"""System Version""",
findMyItems,findMyItemsLocations,"""Sub-administrative Area""",
findMyItems,findMyItemsLocations,"""Label""",
findMyItems,findMyItemsLocations,"""Street Address""",
findMyItems,findMyItemsLocations,"""Country Code""",
findMyItems,findMyItemsLocations,"""State Code""",
findMyItems,findMyItemsLocations,"""Administrative Area""",
findMyItems,findMyItemsLocations,"""Street Name""",
findMyItems,findMyItemsLocations,"""Formatted Address Line""",
findMyItems,findMyItemsLocations,"""Item Full Address""",
findMyItems,findMyItemsLocations,"""Throroughfare""",
findMyItems,findMyItemsLocations,"""Area of Interest""",
findMyItems,findMyItemsLocations,"""Locality""",
findMyItems,findMyItemsLocations,"""Type""",
findMyItems,findMyItemsLocations,"""Vertical Accuracy""",
findMyItems,findMyItemsLocations,"""Longitude""",
findMyItems,findMyItemsLocations,"""Is Inaccurate""",
findMyItems,findMyItemsLocations,"""Is Old""",
findMyItems,findMyItemsLocations,"""Horizontal Accuracy""",
findMyItems,findMyItemsLocations,"""Latitude""",
findMyItems,findMyItemsLocations,"""Altitude""",
findMyItems,findMyItemsLocations,"""Location Finished""",
findMyItems,findMyItemsLocations,"""Country""",
findMyItems,findMyItemsSafeLocations,"""Timestamp""",datetime
findMyItems,findMyItemsSafeLocations,"""Item Name""",
findMyItems,findMyItemsSafeLocations,"""Serial""",
findMyItems,findMyItemsSafeLocations,"""ID""",
findMyItems,findMyItemsSafeLocations,"""Role Name""",
findMyItems,findMyItemsSafeLocations,"""Emoji""",
findMyItems,findMyItemsSafeLocations,"""Role ID""",
findMyItems,findMyItemsSafeLocations,"""Location Name""",
findMyItems,findMyItemsSafeLocations,"""Type""",
findMyItems,findMyItemsSafeLocations,"""Identifier""",
findMyItems,findMyItemsSafeLocations,"""Vertical Accuracy""",
findMyItems,findMyItemsSafeLocations,"""Horizontal Accuracy""",
findMyItems,findMyItemsSafeLocations,"""Longitude""",
findMyItems,findMyItemsSafeLocations,"""Latitude""",
findMyItems,findMyItemsSafeLocations,"""Floor Level""",
findMyItems,findMyItemsSafeLocations,"""Is Inaccurate""",
findMyItems,findMyItemsSafeLocations,"""Is Old""",
findMyItems,findMyItemsSafeLocations,"""Altitude""",
findMyItems,findMyItemsSafeLocations,"""Sub-Administrative Area""",
findMyItems,findMyItemsSafeLocations,"""Label""",
findMyItems,findMyItemsSafeLocations,"""Street Address""",
findMyItems,findMyItemsSafeLocations,"""Country Code""",
findMyItems,findMyItemsSafeLocations,"""State Code""",
findMyItems,findMyItemsSafeLocations,"""Administrative Area""",
findMyItems,findMyItemsSafeLocations,"""Street Name""",
findMyItems,findMyItemsSafeLocations,"""Formatted Address Line""",
findMyItems,findMyItemsSafeLocations,"""Map Item Full Address""",
findMyItems,findMyItemsSafeLocations,"""Throroughfare""",
findMyItems,findMyItemsSafeLocations,"""Area of Interest""",
findMyItems,findMyItemsSafeLocations,"""Locality""",
findMyItems,findMyItemsSafeLocations,"""Country""",
findMyItems,findMyItemsCrowdsourcedLocations,"""Timestamp""",datetime
findMyItems,findMyItemsCrowdsourcedLocations,"""Name""",
findMyItems,findMyItemsCrowdsourcedLocations,"""Serial""",
findMyItems,findMyItemsCrowdsourcedLocations,"""ID""",
findMyItems,findMyItemsCrowdsourcedLocations,"""Role Name""",
findMyItems,findMyItemsCrowdsourcedLocations,"""Emoji""",
findMyItems,findMyItemsCrowdsourcedLocations,"""Role ID""",
findMyItems,findMyItemsCrowdsourcedLocations,"""Product Type""",
findMyItems,findMyItemsCrowdsourcedLocations,"""Manufacturer""",
findMyItems,findMyItemsCrowdsourcedLocations,"""Product ID""",
findMyItems,findMyItemsCrowdsourcedLocations,"""Vendor ID""",
findMyItems,findMyItemsCrowdsourcedLocations,"""Antenna Power""",
findMyItems,findMyItemsCrowdsourcedLocations,"""Group ID""",
findMyItems,findMyItemsCrowdsourcedLocations,"""Owner""",
findMyItems,findMyItemsCrowdsourcedLocations,"""Battery Status""",
findMyItems,findMyItemsCrowdsourcedLocations,"""Lost Mode""",
findMyItems,findMyItemsCrowdsourcedLocations,"""Capabilities""",
findMyItems,findMyItemsCrowdsourcedLocations,"""System Version""",
findMyItems,findMyItemsCrowdsourcedLocations,"""Position Type""",
findMyItems,findMyItemsCrowdsourcedLocations,"""Vertical Accuracy""",
findMyItems,findMyItemsCrowdsourcedLocations,"""Longitude""",
findMyItems,findMyItemsCrowdsourcedLocations,"""Latitude""",
findMyItems,findMyItemsCrowdsourcedLocations,"""Altitude""",
findMyItems,findMyItemsCrowdsourcedLocations,"""Floor Level""",
findMyItems,findMyItemsCrowdsourcedLocations,"""Is Inaccurate""",
findMyItems,findMyItemsCrowdsourcedLocations,"""Is Old""",
findMyItems,findMyItemsCrowdsourcedLocations,"""Horizontal Accuracy""",
findMyItems,findMyItemsCrowdsourcedLocations,"""Location Finished""",
deviceDatam,deviceDatam,"""Property""",
deviceDatam,deviceDatam,"""Property Value""",
obliterated,get_obliterated,"""Timestamp""",datetime
biomeTextinputses,get_biomeTextinputses,"""SEGB Timestamp""",datetime
biomeTextinputses,get_biomeTextinputses,"""Time Start""",datetime
biomeTextinputses,get_biomeTextinputses,"""SEGB State""",
biomeTextinputses,get_biomeTextinputses,"""Bundle ID""",
biomeTextinputses,get_biomeTextinputses,"""Duration""",
biomeTextinputses,get_biomeTextinputses,"""Filename""",
biomeTextinputses,get_biomeTextinputses,"""Offset""",
ashHistory,AshHistory,"""Sequence""",
ashHistory,AshHistory,"""Command""",
allTrails,allTrailsTrailDetails,"""Trail Name""",
allTrails,allTrailsTrailDetails,"""Route Type""",
allTrails,allTrailsTrailDetails,"""Trail Difficulty""",
allTrails,allTrailsTrailDetails,"""Rating""",
allTrails,allTrailsTrailDetails,"""Review Count""",
allTrails,allTrailsTrailDetails,"""Length (Meters)""",
allTrails,allTrailsTrailDetails,"""Elevation Gain (Meters)""",
allTrails,allTrailsTrailDetails,"""Latitude""",
allTrails,allTrailsTrailDetails,"""Longitude""",
allTrails,allTrailsTrailDetails,"""City""",
allTrails,allTrailsTrailDetails,"""State/Region""",
allTrails,allTrailsTrailDetails,"""State/Region Name""",
allTrails,allTrailsTrailDetails,"""Zip Code""",
allTrails,allTrailsTrailDetails,"""Country""",
allTrails,allTrailsTrailDetails,"""Country Name""",
allTrails,allTrailsTrailDetails,"""Parking Area Name""",
allTrails,allTrailsUserInfo,"""Creation Timestamp""",datetime
allTrails,allTrailsUserInfo,"""First Name""",
allTrails,allTrailsUserInfo,"""Last Name""",
allTrails,allTrailsUserInfo,"""User Name""",
allTrails,allTrailsUserInfo,"""Email""",
allTrails,allTrailsUserInfo,"""Referral Link""",
allTrails,allTrailsUserInfo,"""Latitude""",
allTrails,allTrailsUserInfo,"""Longitude""",
allTrails,allTrailsUserInfo,"""City""",
allTrails,allTrailsUserInfo,"""Region""",
allTrails,allTrailsUserInfo,"""Region Name""",
allTrails,allTrailsUserInfo,"""Country""",
allTrails,allTrailsUserInfo,"""Country Name""",
allTrails,allTrailsUserInfo,"""Zip Code""",
biomeUseractmeta,get_biomeUseractmeta,"""SEGB Timestamp""",datetime
biomeUseractmeta,get_biomeUseractmeta,"""Timestamp""",datetime
biomeUseractmeta,get_biomeUseractmeta,"""SEGB State""",
biomeUseractmeta,get_biomeUseractmeta,"""Activity type""",
biomeUseractmeta,get_biomeUseractmeta,"""Description""",
biomeUseractmeta,get_biomeUseractmeta,"""Bundle ID""",
biomeUseractmeta,get_biomeUseractmeta,"""Title""",
biomeUseractmeta,get_biomeUseractmeta,"""Bplist Data""",
biomeUseractmeta,get_biomeUseractmeta,"""Payload Data""",
biomeUseractmeta,get_biomeUseractmeta,"""Container Data""",
biomeUseractmeta,get_biomeUseractmeta,"""Filename""",
biomeUseractmeta,get_biomeUseractmeta,"""Offset""",
parsecdCache,get_parseCDCache,"""Engagement Date""",datetime
parsecdCache,get_parseCDCache,"""Input""",
parsecdCache,get_parseCDCache,"""Completion""",
parsecdCache,get_parseCDCache,"""Transformed""",
parsecdCache,get_parseCDCache,"""Score""",
accountData,accountData,"""Timestamp""",datetime
accountData,accountData,"""Account Desc.""",
accountData,accountData,"""Username""",
accountData,accountData,"""Description""",
accountData,accountData,"""Identifier""",
accountData,accountData,"""Bundle ID""",
geodMapTiles,geodMapTiles,"""Timestamp""",
geodMapTiles,geodMapTiles,"""Places_from_VLOC""",
geodMapTiles,geodMapTiles,"""Labels_in_tile""",
geodMapTiles,geodMapTiles,"""Image""",
geodMapTiles,geodMapTiles,"""Tileset""",
geodMapTiles,geodMapTiles,"""Key A""",
geodMapTiles,geodMapTiles,"""Key B""",
geodMapTiles,geodMapTiles,"""Key C""",
geodMapTiles,geodMapTiles,"""Key D""",
callHistory,callHistory,"""Starting Timestamp""",datetime
callHistory,callHistory,"""Ending Timestamp""",datetime
callHistory,callHistory,"""Service Provider""",
callHistory,callHistory,"""Call Type""",
callHistory,callHistory,"""Call Direction""",
callHistory,callHistory,"""Phone Number""",phonenumber
callHistory,callHistory,"""Answered""",
callHistory,callHistory,"""Call Duration""",
callHistory,callHistory,"""FaceTime Data""",
callHistory,callHistory,"""Disconnected Cause""",
callHistory,callHistory,"""ISO Country Code""",
callHistory,callHistory,"""Location""",
systemVersionPlist,systemVersionPlist,"""Property""",
systemVersionPlist,systemVersionPlist,"""Property Value""",
biomeCarplayisconnected,get_biomeCarplayisconnected,"""SEGB Timestamp""",datetime
biomeCarplayisconnected,get_biomeCarplayisconnected,"""Time Start""",datetime
biomeCarplayisconnected,get_biomeCarplayisconnected,"""Time End""",datetime
biomeCarplayisconnected,get_biomeCarplayisconnected,"""Time Write""",datetime
biomeCarplayisconnected,get_biomeCarplayisconnected,"""Activity""",
biomeCarplayisconnected,get_biomeCarplayisconnected,"""Status""",
biomeCarplayisconnected,get_biomeCarplayisconnected,"""Action GUID""",
biomeCarplayisconnected,get_biomeCarplayisconnected,"""Filename""",
biomeCarplayisconnected,get_biomeCarplayisconnected,"""Offset""",
health,healthWorkouts,"""Start Timestamp""",datetime
health,healthWorkouts,"""End Timestamp""",datetime
health,healthWorkouts,"""Type""",
health,healthWorkouts,"""Total Time Duration""",
health,healthWorkouts,"""Duration""",
health,healthWorkouts,"""Distance (in KM)""",
health,healthWorkouts,"""Distance (in Miles)""",
health,healthWorkouts,"""Goal Type""",
health,healthWorkouts,"""Goal""",
health,healthWorkouts,"""Total Active Energy (kcal)""",
health,healthWorkouts,"""Total Resting Energy (kcal)""",
health,healthWorkouts,"""Average METs""",
health,healthWorkouts,"""Min. Heart Rate (BPM)""",
health,healthWorkouts,"""Max. Heart Rate (BPM)""",
health,healthWorkouts,"""Average Heart Rate (BPM)""",
health,healthWorkouts,"""Temperature (°C)""",
health,healthWorkouts,"""Temperature (°F)""",
health,healthWorkouts,"""Humidity (%)""",
health,healthWorkouts,"""Latitude""",
health,healthWorkouts,"""Longitude""",
health,healthWorkouts,"""Min. ground elevation (in Meters)""",
health,healthWorkouts,"""Max. ground elevation (in Meters)""",
health,healthWorkouts,"""Hardware""",
health,healthWorkouts,"""Source""",
health,healthWorkouts,"""Software Version""",
health,healthWorkouts,"""Timezone""",
health,healthWorkouts,"""Timestamp added to Health""",
health,healthProvenances,"""Row ID""",
health,healthProvenances,"""Origin Product Type""",
health,healthProvenances,"""Origin OS Build""",
health,healthProvenances,"""Local Product Type""",
health,healthProvenances,"""Local OS Build""",
health,healthProvenances,"""Source ID""",
health,healthProvenances,"""Source Name""",
health,healthProvenances,"""Source Version""",
health,healthProvenances,"""Device ID""",
health,healthProvenances,"""Device""",
health,healthProvenances,"""Timezone""",
health,healthHeadphoneAudioLevels,"""Start Timestamp""",datetime
health,healthHeadphoneAudioLevels,"""End Timestamp""",datetime
health,healthHeadphoneAudioLevels,"""Decibels""",
health,healthHeadphoneAudioLevels,"""Bundle Name""",
health,healthHeadphoneAudioLevels,"""Device Name""",
health,healthHeadphoneAudioLevels,"""Device Manufacturer""",
health,healthHeadphoneAudioLevels,"""Device Model""",
health,healthHeadphoneAudioLevels,"""Local Identifier""",
health,healthHeadphoneAudioLevels,"""Key""",
health,healthHeadphoneAudioLevels,"""Data ID""",
health,healthHeartRate,"""Start Date""",datetime
health,healthHeartRate,"""End Date""",datetime
health,healthHeartRate,"""Heart Rate (BPM)""",
health,healthHeartRate,"""Heart Rate Context""",
health,healthHeartRate,"""Date added to Health""",datetime
health,healthHeartRate,"""Device""",
health,healthHeartRate,"""Manufacturer""",
health,healthHeartRate,"""Hardware""",
health,healthHeartRate,"""Source""",
health,healthHeartRate,"""Software Version""",
health,healthHeartRate,"""Timezone""",
health,healthRestingHeartRate,"""Start Date""",datetime
health,healthRestingHeartRate,"""End Date""",datetime
health,healthRestingHeartRate,"""Resting Heart Rate (BPM)""",
health,healthRestingHeartRate,"""Date added to Health""",datetime
health,healthRestingHeartRate,"""Hardware""",
health,healthRestingHeartRate,"""Source""",
health,healthAchievements,"""Created Timestamp""",datetime
health,healthAchievements,"""Earned Date""",date
health,healthAchievements,"""Achievement""",
health,healthAchievements,"""Value""",
health,healthAchievements,"""Unit""",
health,healthAchievements,"""Creator Device""",
health,healthSteps,"""Start Time""",datetime
health,healthSteps,"""End Time""",date
health,healthSteps,"""Steps""",
health,healthSteps,"""Duration (Seconds)""",
health,healthSteps,"""Device""",
health,healthHeight,"""Height Value Timestamp""",datetime
health,healthHeight,"""Height (in Meters)""",
health,healthHeight,"""Height (in Centimeters)""",
health,healthHeight,"""Height (Feet and Inches)""",
health,healthWeight,"""Weight Value Timestamp""",datetime
health,healthWeight,"""Weight (in Kilograms)""",
health,healthWeight,"""Weight (in Stone)""",
health,healthWeight,"""Weight (Approximate in Pounds)""",
health,healthWatchWornData,"""Watch Worn Start Time""",datetime
health,healthWatchWornData,"""Hours Worn""",
health,healthWatchWornData,"""Last Watch Worn Hour Time""",datetime
health,healthWatchWornData,"""Hours Off Before Next Worn Start Time""",
health,healthAllWatchSleepData,"""Sleep Start Time""",datetime
health,healthAllWatchSleepData,"""Sleep State""",
health,healthAllWatchSleepData,"""Sleep End Time""",datetime
health,healthAllWatchSleepData,"""Sleep State (HH:MM:SS)""",
health,healthWatchBySleepPeriod,"""Sleep Start Time""",
health,healthWatchBySleepPeriod,"""Sleep End Time""",
health,healthWatchBySleepPeriod,"""Time in Bed (HH:MM:SS)""",
health,healthWatchBySleepPeriod,"""Time Asleep (HH:MM:SS)""",
health,healthWatchBySleepPeriod,"""Awake Duration (HH:MM:SS)""",
health,healthWatchBySleepPeriod,"""REM Duration (HH:MM:SS)""",
health,healthWatchBySleepPeriod,"""Core Duration (HH:MM:SS)""",
health,healthWatchBySleepPeriod,"""Deep Duration (HH:MM:SS)""",
health,healthWatchBySleepPeriod,"""Awake %""",
health,healthWatchBySleepPeriod,"""REM %""",
health,healthWatchBySleepPeriod,"""Core %""",
health,healthWatchBySleepPeriod,"""Deep %""",
dhcphp,dhcpHotspotClients,"""Key Name""",
dhcphp,dhcpHotspotClients,"""Value Data""",
dhcphp,dhcpHotspotClients,"""Source File""",
appleLocationd,applelocationd,"""Property""",
appleLocationd,applelocationd,"""Property Value""",
appGrouplisting,get_appGrouplisting,"""Bundle ID""",
appGrouplisting,get_appGrouplisting,"""Type""",
appGrouplisting,get_appGrouplisting,"""Directory GUID""",
appGrouplisting,get_appGrouplisting,"""Path""",
biomeSafari,get_biomeSafari,"""SEGB Timestamp""",datetime
biomeSafari,get_biomeSafari,"""Timestamp""",datetime
biomeSafari,get_biomeSafari,"""SEGB State""",
biomeSafari,get_biomeSafari,"""Activity""",
biomeSafari,get_biomeSafari,"""Title""",
biomeSafari,get_biomeSafari,"""URL""",
biomeSafari,get_biomeSafari,"""Detail""",
biomeSafari,get_biomeSafari,"""Detail 2""",
biomeSafari,get_biomeSafari,"""Detail 3""",
biomeSafari,get_biomeSafari,"""GUID""",
biomeSafari,get_biomeSafari,"""Filename""",
biomeSafari,get_biomeSafari,"""Offset""",
subscriberInfo,subscriberInfo,"""Last update time""",datetime
subscriberInfo,subscriberInfo,"""Slot ID""",
subscriberInfo,subscriberInfo,"""ICCID""",
subscriberInfo,subscriberInfo,"""MSISDN""",
connectedDevices,conDev,"""User Name""",
connectedDevices,conDev,"""Computer Name""",
connectedDevices,conDev,"""File Offset""",
connectedDevices,conDev,"""Source File""",
teams,teamsMessages,"""Timestamp""",datetime
teams,teamsMessages,"""Display Name""",
teams,teamsMessages,"""Message""",
teams,teamsMessages,"""Sender""",
teams,teamsMessages,"""Thread ID""",
teams,teamsMessages,"""Thread Type""",
teams,teamsMessages,"""Thread Topic""",
teams,teamsMessages,"""Thread TSID""",
teams,teamsMessages,"""Thread Name""",
teams,teamsMessages,"""Message Base Type""",
teams,teamsMessages,"""Message Content Type""",
teams,teamsMessages,"""Sent By Me""",
teams,teamsContacts,"""Display Name""",
teams,teamsContacts,"""Email""",
teams,teamsContacts,"""Phone Number""",phonenumber
teams,teamsUser,"""Timestamp Last Sync""",datetime
teams,teamsUser,"""Display Name""",
teams,teamsUser,"""Phone Number""",phonenumber
teams,teamsCalls,"""Call Start""",datetime
teams,teamsCalls,"""Call Connect""",datetime
teams,teamsCalls,"""Call End""",datetime
teams,teamsCalls,"""Call Direction""",
teams,teamsCalls,"""Call Type""",
teams,teamsCalls,"""Call State""",
teams,teamsCalls,"""Call Originator""",
teams,teamsCalls,"""Call Target""",
teams,teamsCalls,"""Call Originator Name""",
teams,teamsCalls,"""Call Participant Name""",
teams,teamsLocations,"""Timestamp""",datetime
teams,teamsLocations,"""Sender""",
teams,teamsLocations,"""Display Name""",
teams,teamsLocations,"""Content""",
teams,teamsLocations,"""Card URL""",
teams,teamsLocations,"""Card Title""",
teams,teamsLocations,"""Card Text""",
teams,teamsLocations,"""Card URL2""",
teams,teamsLocations,"""Latitude""",
teams,teamsLocations,"""Longitude""",
teams,teamsLocations,"""Card Expires""",datetime
teams,teamsLocations,"""Device ID""",
googleChat,get_googleChat,"""Timestamp""",datetime
googleChat,get_googleChat,"""Group Type""",
googleChat,get_googleChat,"""Conversation Name""",
googleChat,get_googleChat,"""Message Author""",
googleChat,get_googleChat,"""Message""",
googleChat,get_googleChat,"""Is Sent""",
googleChat,get_googleChat,"""Filename""",
googleChat,get_googleChat,"""Media""",
googleChat,get_googleChat,"""Reaction""",
googleChat,get_googleChat,"""Reaction User""",
googleChat,get_googleChat,"""Account ID""",
cachev0,cachev0,"""ID""",
cachev0,cachev0,"""Media""",
cachev0,cachev0,"""Source DB""",
biomeSync,get_biomeSync,"""Last Sync Timestamp""",datetime
biomeSync,get_biomeSync,"""Device ID""",
biomeSync,get_biomeSync,"""Name""",
biomeSync,get_biomeSync,"""Device Type""",
biomeSync,get_biomeSync,"""OS Build""",
biomeSync,get_biomeSync,"""OS Version""",
biomeSync,get_biomeSync,"""Local Device""",
blockedContacts,blockedContacts,"""Phone Number""",phonenumber
blockedContacts,blockedContacts,"""Country Code""",
blockedContacts,blockedContacts,"""Email""",
biomeBacklight,get_biomeBacklight,"""SEGB Timestamp""",datetime
biomeBacklight,get_biomeBacklight,"""Timestamp""",datetime
biomeBacklight,get_biomeBacklight,"""SEGB State""",
biomeBacklight,get_biomeBacklight,"""State""",
biomeBacklight,get_biomeBacklight,"""Filename""",
biomeBacklight,get_biomeBacklight,"""Offset""",
dhcpl,dhcpLeases,"""Property Name""",
dhcpl,dhcpLeases,"""Property Value""",
dhcpl,dhcpLeases,"""Source File""",
applicationstate,get_applicationstate,"""Bundle ID""",
applicationstate,get_applicationstate,"""Bundle Path""",
applicationstate,get_applicationstate,"""Sandbox Path""",
biomeWifi,get_biomeWifi,"""SEGB Timestamp""",datetime
biomeWifi,get_biomeWifi,"""Timestamp""",datetime
biomeWifi,get_biomeWifi,"""SEGB State""",
biomeWifi,get_biomeWifi,"""Event""",
biomeWifi,get_biomeWifi,"""Device""",
biomeWifi,get_biomeWifi,"""GUID""",
biomeWifi,get_biomeWifi,"""Filename""",
biomeWifi,get_biomeWifi,"""Offset""",
deviceActivator,deviceActivator,"""Property""",
deviceActivator,deviceActivator,"""Property Value""",
biomeNotificationsPub,get_biomeNotificationsPub,"""SEGB Timestamp""",datetime
biomeNotificationsPub,get_biomeNotificationsPub,"""Timestamp""",datetime
biomeNotificationsPub,get_biomeNotificationsPub,"""SEGB State""",
biomeNotificationsPub,get_biomeNotificationsPub,"""Bundle ID""",
biomeNotificationsPub,get_biomeNotificationsPub,"""Field 1""",
biomeNotificationsPub,get_biomeNotificationsPub,"""Field 2""",
biomeNotificationsPub,get_biomeNotificationsPub,"""Field 3""",
biomeNotificationsPub,get_biomeNotificationsPub,"""Field 4""",
biomeNotificationsPub,get_biomeNotificationsPub,"""Field 5""",
biomeNotificationsPub,get_biomeNotificationsPub,"""Field 6""",
biomeNotificationsPub,get_biomeNotificationsPub,"""Filename""",
biomeNotificationsPub,get_biomeNotificationsPub,"""Offset""",
accountConfig,accountConfig,"""Account ID""",
accountConfig,accountConfig,"""Data Value""",
imeiImsi,imeiImsi,"""Property""",
imeiImsi,imeiImsi,"""Property Value""",
biomeHardware,get_biomeHardware,"""SEGB Record Time""",datetime
biomeHardware,get_biomeHardware,"""SEGB State""",
biomeHardware,get_biomeHardware,"""Hardware""",
biomeHardware,get_biomeHardware,"""Filename""",
biomeHardware,get_biomeHardware,"""Offset""",
gmail,gmailOfflineSearch,"""Timestamp""",datetime
gmail,gmailOfflineSearch,"""Sender Name""",
gmail,gmailOfflineSearch,"""Sender Email""",
gmail,gmailOfflineSearch,"""Receiver""",
gmail,gmailOfflineSearch,"""CC""",
gmail,gmailOfflineSearch,"""BCC""",
gmail,gmailOfflineSearch,"""Subject""",
gmail,gmailOfflineSearch,"""Body""",
gmail,gmailOfflineSearch,"""Thread ID""",
gmail,gmailOfflineSearch,"""Message ID""",
gmail,gmailLabelDetails,"""Label""",
gmail,gmailLabelDetails,"""Unread Count""",
gmail,gmailLabelDetails,"""Total Count""",
gmail,gmailLabelDetails,"""Unseen Count""",
biomeLocationactivity,get_biomeLocationactivity,"""SEGB Timestamp""",datetime
biomeLocationactivity,get_biomeLocationactivity,"""Time Start""",datetime
biomeLocationactivity,get_biomeLocationactivity,"""Time End""",datetime
biomeLocationactivity,get_biomeLocationactivity,"""Time Write""",datetime
biomeLocationactivity,get_biomeLocationactivity,"""SEGB State""",
biomeLocationactivity,get_biomeLocationactivity,"""Activity""",
biomeLocationactivity,get_biomeLocationactivity,"""Bundle ID""",
biomeLocationactivity,get_biomeLocationactivity,"""Bundle ID 2""",
biomeLocationactivity,get_biomeLocationactivity,"""Data 0""",
biomeLocationactivity,get_biomeLocationactivity,"""Data 1""",
biomeLocationactivity,get_biomeLocationactivity,"""Data 2""",
biomeLocationactivity,get_biomeLocationactivity,"""Data 3""",
biomeLocationactivity,get_biomeLocationactivity,"""Data 4""",
biomeLocationactivity,get_biomeLocationactivity,"""Data 5""",
biomeLocationactivity,get_biomeLocationactivity,"""Data 6""",
biomeLocationactivity,get_biomeLocationactivity,"""Action GUID""",
biomeLocationactivity,get_biomeLocationactivity,"""Filename""",
biomeLocationactivity,get_biomeLocationactivity,"""Offset""",
burner,get_burner_accounts,"""Created""",
burner,get_burner_accounts,"""Phone number""",
burner,get_burner_accounts,"""Country code""",
burner,get_burner_accounts,"""Number of burners""",
burner,get_burner_accounts,"""Burner numbers""",
burner,get_burner_accounts,"""Burner IDs""",
burner,get_burner_accounts,"""Do not distub""",
burner,get_burner_accounts,"""Voicemail URL""",
burner,get_burner_accounts,"""User ID""",
burner,get_burner_contacts,"""Phone number""",
burner,get_burner_contacts,"""Full name""",
burner,get_burner_contacts,"""Other phones""",
burner,get_burner_contacts,"""Notes""",
burner,get_burner_contacts,"""Verified""",
burner,get_burner_contacts,"""Blocked""",
burner,get_burner_contacts,"""Muted""",
burner,get_burner_contacts,"""Image""",
burner,get_burner_contacts,"""Thumbnail""",
burner,get_burner_contacts,"""Image URL""",
burner,get_burner_contacts,"""Thumbnail URL""",
burner,get_burner_contacts,"""Contact ID""",
burner,get_burner_numbers,"""Created""",
burner,get_burner_numbers,"""Profile picture""",
burner,get_burner_numbers,"""Burner number""",
burner,get_burner_numbers,"""Display name""",
burner,get_burner_numbers,"""Subscription Expires""",
burner,get_burner_numbers,"""Notifications""",
burner,get_burner_numbers,"""Inbound caller ID""",
burner,get_burner_numbers,"""In-App calling (VoIP)""",
burner,get_burner_numbers,"""Auto-replay enabled""",
burner,get_burner_numbers,"""Auto-reply message""",
burner,get_burner_numbers,"""Remaining/Total minutes""",
burner,get_burner_numbers,"""Remaining/Total messages""",
burner,get_burner_numbers,"""Phone number""",
burner,get_burner_numbers,"""User ID""",
burner,get_burner_numbers,"""Burner ID""",
burner,get_burner_messages,"""Sent""",
burner,get_burner_messages,"""Thread""",
burner,get_burner_messages,"""Direction""",
burner,get_burner_messages,"""Read""",
burner,get_burner_messages,"""Sender""",
burner,get_burner_messages,"""Recipient""",
burner,get_burner_messages,"""Message""",
burner,get_burner_messages,"""Message type""",
burner,get_burner_messages,"""Image""",
burner,get_burner_messages,"""Thumbnail""",
burner,get_burner_messages,"""Media URL""",
burner,get_burner_messages,"""Voicemail URL""",
burner,get_burner_messages,"""Message ID""",
burner,get_burner_messages,"""Burner ID""",
burner,get_burner_messages,"""Thread ID""",
bluetoothPairedLE,get_bluetoothPairedLE,"""UUID""",
bluetoothPairedLE,get_bluetoothPairedLE,"""Name""",
bluetoothPairedLE,get_bluetoothPairedLE,"""Name Origin""",
bluetoothPairedLE,get_bluetoothPairedLE,"""Address""",
bluetoothPairedLE,get_bluetoothPairedLE,"""Resolved Address""",
bluetoothPairedLE,get_bluetoothPairedLE,"""Last Connection Time""",
telegramMesssages,telegramMessages,"""Timestamp""",
telegramMesssages,telegramMessages,"""Direction""",
telegramMesssages,telegramMessages,"""Author ID""",
telegramMesssages,telegramMessages,"""Text""",
telegramMesssages,telegramMessages,"""Forward Timestamp""",
telegramMesssages,telegramMessages,"""Forward From""",
telegramMesssages,telegramMessages,"""Action Data""",
telegramMesssages,telegramMessages,"""Thumb""",
biomeInfocus,get_biomeInfocus,"""Timestamp""",datetime
biomeInfocus,get_biomeInfocus,"""Bundle ID""",
biomeInfocus,get_biomeInfocus,"""Action""",
biomeInfocus,get_biomeInfocus,"""Filename""",
biomeInfocus,get_biomeInfocus,"""Offset""",
celWireless,celWireless,"""Data Key""",
celWireless,celWireless,"""Data Value""",
celWireless,celWireless,"""Source File""",
lastBuild,lastBuild,"""Property""",
lastBuild,lastBuild,"""Property Value""",
preferencesPlist,preferencesPlist,"""Property""",
preferencesPlist,preferencesPlist,"""Property Value""",
bluetoothOther,get_bluetoothOtherLE,"""Name""",
bluetoothOther,get_bluetoothOtherLE,"""Address""",
bluetoothOther,get_bluetoothOtherLE,"""UUID""",
appleWifiPlist,appleWifiKnownNetworks,"""SSID""",
appleWifiPlist,appleWifiKnownNetworks,"""BSSID""",
appleWifiPlist,appleWifiKnownNetworks,"""Network Usage""",
appleWifiPlist,appleWifiKnownNetworks,"""Country Code""",
appleWifiPlist,appleWifiKnownNetworks,"""Device Name""",
appleWifiPlist,appleWifiKnownNetworks,"""Manufacturer""",
appleWifiPlist,appleWifiKnownNetworks,"""Serial Number""",
appleWifiPlist,appleWifiKnownNetworks,"""Model Name""",
appleWifiPlist,appleWifiKnownNetworks,"""Enabled""",
appleWifiPlist,appleWifiKnownNetworks,"""Carplay Network""",
appleWifiPlist,appleWifiKnownNetworks,"""Hidden""",
appleWifiPlist,appleWifiKnownNetworks,"""Captive Network""",
appleWifiPlist,appleWifiKnownNetworks,"""User Portal URL""",
appleWifiPlist,appleWifiKnownNetworks,"""Add Reason""",
appleWifiPlist,appleWifiKnownNetworks,"""Bundle ID""",
appleWifiPlist,appleWifiKnownNetworks,"""Source File""",
appleWifiPlist,appleWifiKnownNetworksTimes,"""SSID""",
appleWifiPlist,appleWifiKnownNetworksTimes,"""BSSID""",
appleWifiPlist,appleWifiKnownNetworksTimes,"""Last Updated""",datetime
appleWifiPlist,appleWifiKnownNetworksTimes,"""Last Auto Joined""",datetime
appleWifiPlist,appleWifiKnownNetworksTimes,"""Last Joined""",datetime
appleWifiPlist,appleWifiKnownNetworksTimes,"""System Joined""",datetime
appleWifiPlist,appleWifiKnownNetworksTimes,"""User Joined""",datetime
appleWifiPlist,appleWifiKnownNetworksTimes,"""WiFi Network Password Modification Date""",datetime
appleWifiPlist,appleWifiKnownNetworksTimes,"""Last Discovered""",datetime
appleWifiPlist,appleWifiKnownNetworksTimes,"""Added At""",datetime
appleWifiPlist,appleWifiKnownNetworksTimes,"""Whitelisted Captive Network Probe Date""",datetime
appleWifiPlist,appleWifiKnownNetworksTimes,"""Captive Web Sheet Login Date""",datetime
appleWifiPlist,appleWifiKnownNetworksTimes,"""Previous Joined""",datetime
appleWifiPlist,appleWifiKnownNetworksTimes,"""Source File""",
appleWifiPlist,appleWifiScannedPrivate,"""Last Updated""",datetime
appleWifiPlist,appleWifiScannedPrivate,"""SSID""",
appleWifiPlist,appleWifiScannedPrivate,"""BSSID""",
appleWifiPlist,appleWifiScannedPrivate,"""Added At""",datetime
appleWifiPlist,appleWifiScannedPrivate,"""Last Joined""",datetime
appleWifiPlist,appleWifiScannedPrivate,"""Link Down Timestamp""",datetime
appleWifiPlist,appleWifiScannedPrivate,"""MAC Generation Timestamp""",datetime
appleWifiPlist,appleWifiScannedPrivate,"""First Join With New MAC Timestamp""",datetime
appleWifiPlist,appleWifiScannedPrivate,"""MAC Used For Network""",
appleWifiPlist,appleWifiScannedPrivate,"""Private MAC Computed For Network""",
appleWifiPlist,appleWifiScannedPrivate,"""MAC Valid""",
appleWifiPlist,appleWifiScannedPrivate,"""In Known Networks""",
appleWifiPlist,appleWifiScannedPrivate,"""Source File""",
appleWifiPlist,appleWifiBSSList,"""SSID""",
appleWifiPlist,appleWifiBSSList,"""BSSID""",
appleWifiPlist,appleWifiBSSList,"""Channel Flags""",
appleWifiPlist,appleWifiBSSList,"""Channel""",
appleWifiPlist,appleWifiBSSList,"""Last Associated/Roamed At""",datetime
appleWifiPlist,appleWifiBSSList,"""Location Accuracy""",
appleWifiPlist,appleWifiBSSList,"""Location Timestamp""",datetime
appleWifiPlist,appleWifiBSSList,"""Location Latitude""",
appleWifiPlist,appleWifiBSSList,"""Location Longitude""",
appleWifiPlist,appleWifiBSSList,"""Source File""",
controlCenter,controlCenter,"""Position""",
controlCenter,controlCenter,"""App Bundle""",
controlCenter,controlCenter,"""Control Type""",
bluetoothPairedReg,get_bluetoothPairedReg,"""Last Seen Time""",
bluetoothPairedReg,get_bluetoothPairedReg,"""MAC Address""",
bluetoothPairedReg,get_bluetoothPairedReg,"""Name Key""",
bluetoothPairedReg,get_bluetoothPairedReg,"""Name""",
bluetoothPairedReg,get_bluetoothPairedReg,"""Device Product ID""",
bluetoothPairedReg,get_bluetoothPairedReg,"""Default Name""",
tikTokReplied,tiktok_replied,"""RowID""",
tikTokReplied,tiktok_replied,"""BelongingMessageID""",
tikTokReplied,tiktok_replied,"""ref_msg_type""",
tikTokReplied,tiktok_replied,"""ref_msg_id""",
tikTokReplied,tiktok_replied,"""Referenced Text""",
tikTokReplied,tiktok_replied,"""Ref Msg Sender UID""",
tikTokReplied,tiktok_replied,"""Ref Msg Sender CustomID""",
tikTokReplied,tiktok_replied,"""Ref Msg Sender Nickname""",
tikTokReplied,tiktok_replied,"""Reply Text""",
tikTokReplied,tiktok_replied,"""Deleted""",
tikTokReplied,tiktok_replied,"""Belonging Conversation ID""",
tikTokReplied,tiktok_replied,"""Reply Sender UID""",
tikTokReplied,tiktok_replied,"""Reply Sender CustomID""",
tikTokReplied,tiktok_replied,"""Reply Sender Nickname""",
tikTokReplied,tiktok_replied,"""Reply Server Created Date""",
appItunesmeta,get_appItunesmeta,"""Installed Date""",datetime
appItunesmeta,get_appItunesmeta,"""App Purchase Date""",datetime
appItunesmeta,get_appItunesmeta,"""Bundle ID""",
appItunesmeta,get_appItunesmeta,"""Item Name""",
appItunesmeta,get_appItunesmeta,"""Artist Name""",
appItunesmeta,get_appItunesmeta,"""Version Number""",
appItunesmeta,get_appItunesmeta,"""Downloaded by""",
appItunesmeta,get_appItunesmeta,"""Genre""",
appItunesmeta,get_appItunesmeta,"""Factory Install""",
appItunesmeta,get_appItunesmeta,"""App Release Date""",
appItunesmeta,get_appItunesmeta,"""Source App""",
appItunesmeta,get_appItunesmeta,"""Sideloaded?""",
appItunesmeta,get_appItunesmeta,"""Variant ID""",
appItunesmeta,get_appItunesmeta,"""Source File Location""",
biomeNowplaying,get_biomeNowplaying,"""SEGB Timestamp""",datetime
biomeNowplaying,get_biomeNowplaying,"""Timestamp""",datetime
biomeNowplaying,get_biomeNowplaying,"""SEGB State""",
biomeNowplaying,get_biomeNowplaying,"""Bundle ID""",
biomeNowplaying,get_biomeNowplaying,"""Output""",
biomeNowplaying,get_biomeNowplaying,"""Media Type""",
biomeNowplaying,get_biomeNowplaying,"""Title""",
biomeNowplaying,get_biomeNowplaying,"""Artist""",
biomeNowplaying,get_biomeNowplaying,"""Filename""",
biomeNowplaying,get_biomeNowplaying,"""Offset""",
chrome,chromeWebHistory,"""Last Visit Time""",
chrome,chromeWebHistory,"""URL""",
chrome,chromeWebHistory,"""Title""",
chrome,chromeWebHistory,"""Visit Count""",
chrome,chromeWebHistory,"""Typed Count""",
chrome,chromeWebHistory,"""ID""",
chrome,chromeWebHistory,"""Hidden""",
chrome,chromeWebVisits,"""Visit Timestamp""",
chrome,chromeWebVisits,"""URL""",
chrome,chromeWebVisits,"""Title""",
chrome,chromeWebVisits,"""Duration""",
chrome,chromeWebVisits,"""Transition Type""",
chrome,chromeWebVisits,"""Qualifier(s)""",
chrome,chromeWebVisits,"""From Visit URL""",
chrome,chromeWebSearch,"""Last Visit Time""",
chrome,chromeWebSearch,"""Search Term""",
chrome,chromeWebSearch,"""URL""",
chrome,chromeWebSearch,"""Title""",
chrome,chromeWebSearch,"""Visit Count""",
chrome,chromeDownloads,"""Start Time""",
chrome,chromeDownloads,"""End Time""",
chrome,chromeDownloads,"""Last Access Time""",
chrome,chromeDownloads,"""URL""",
chrome,chromeDownloads,"""Target Path""",
chrome,chromeDownloads,"""State""",
chrome,chromeDownloads,"""Danger Type""",
chrome,chromeDownloads,"""Interrupt Reason""",
chrome,chromeDownloads,"""Opened?""",
chrome,chromeDownloads,"""Received Bytes""",
chrome,chromeDownloads,"""Total Bytes""",
chrome,chromeKeywordSearchTerms,"""Last Visit Time""",
chrome,chromeKeywordSearchTerms,"""Term""",
chrome,chromeKeywordSearchTerms,"""URL""",
chrome,chromeAutofillEntries,"""Date Created""",
chrome,chromeAutofillEntries,"""Field""",
chrome,chromeAutofillEntries,"""Value""",
chrome,chromeAutofillEntries,"""Date Last Used""",
chrome,chromeAutofillEntries,"""Count""",
chrome,chromeAutofillProfiles,"""Date Modified""",
chrome,chromeAutofillProfiles,"""GUID""",
chrome,chromeAutofillProfiles,"""First Name""",
chrome,chromeAutofillProfiles,"""Middle Name""",
chrome,chromeAutofillProfiles,"""Last Name""",
chrome,chromeAutofillProfiles,"""Email""",
chrome,chromeAutofillProfiles,"""Phone Number""",
chrome,chromeAutofillProfiles,"""Company Name""",
chrome,chromeAutofillProfiles,"""Address""",
chrome,chromeAutofillProfiles,"""City""",
chrome,chromeAutofillProfiles,"""State""",
chrome,chromeAutofillProfiles,"""Zip Code""",
chrome,chromeAutofillProfiles,"""Date Last Used""",
chrome,chromeAutofillProfiles,"""Use Count""",
chrome,chromeBookmarks,"""Added Date""",
chrome,chromeBookmarks,"""URL""",
chrome,chromeBookmarks,"""Name""",
chrome,chromeBookmarks,"""Parent""",
chrome,chromeBookmarks,"""Type""",
chrome,chromeCookies,"""Last Access Date""",
chrome,chromeCookies,"""Host""",
chrome,chromeCookies,"""Name""",
chrome,chromeCookies,"""Value""",
chrome,chromeCookies,"""Created Date""",
chrome,chromeCookies,"""Expiration Date""",
chrome,chromeCookies,"""Path""",
chrome,chromeLoginData,"""Created Time""",
chrome,chromeLoginData,"""Username""",
chrome,chromeLoginData,"""Password""",
chrome,chromeLoginData,"""Origin URL""",
chrome,chromeLoginData,"""Blacklisted by User""",
chrome,chromeLoginData,"""Browser Name""",
chrome,chromeTopSites,"""URL""",
chrome,chromeTopSites,"""Rank""",
chrome,chromeTopSites,"""Title""",
chrome,chromeTopSites,"""Redirects""",
chrome,chromeOfflinePages,"""Creation Time""",
chrome,chromeOfflinePages,"""Last Access Time""",
chrome,chromeOfflinePages,"""Online URL""",
chrome,chromeOfflinePages,"""File Path""",
chrome,chromeOfflinePages,"""Title""",
chrome,chromeOfflinePages,"""Access Count""",
chrome,chromeOfflinePages,"""File Size""",
chrome,chromeMediaHistorySessions,"""Last Updated""",
chrome,chromeMediaHistorySessions,"""Origin ID""",
chrome,chromeMediaHistorySessions,"""URL""",
chrome,chromeMediaHistorySessions,"""Position""",
chrome,chromeMediaHistorySessions,"""Duration""",
chrome,chromeMediaHistorySessions,"""Title""",
chrome,chromeMediaHistorySessions,"""Artist""",
chrome,chromeMediaHistorySessions,"""Album""",
chrome,chromeMediaHistorySessions,"""Source Title""",
chrome,chromeMediaHistoryPlaybacks,"""Last Updated""",
chrome,chromeMediaHistoryPlaybacks,"""ID""",
chrome,chromeMediaHistoryPlaybacks,"""Origin ID""",
chrome,chromeMediaHistoryPlaybacks,"""URL""",
chrome,chromeMediaHistoryPlaybacks,"""Watch Time""",
chrome,chromeMediaHistoryPlaybacks,"""Has Audio""",
chrome,chromeMediaHistoryPlaybacks,"""Has Video""",
chrome,chromeMediaHistoryOrigins,"""Last Updated""",
chrome,chromeMediaHistoryOrigins,"""ID""",
chrome,chromeMediaHistoryOrigins,"""Origin""",
chrome,chromeMediaHistoryOrigins,"""Aggregate Watchtime""",
chrome,chromeNetworkActionPredictor,"""User Text""",
chrome,chromeNetworkActionPredictor,"""URL""",
chrome,chromeNetworkActionPredictor,"""Number of Hits""",
chrome,chromeNetworkActionPredictor,"""Number of Misses""",
timezoneInfo,timezoneInfo,"""Property""",
timezoneInfo,timezoneInfo,"""Property Value""",
alarms,alarms,"""Fire Date""",datetime
alarms,alarms,"""Alarm Title""",
alarms,alarms,"""Alarm Enabled""",
alarms,alarms,"""Dismiss Date""",datetime
alarms,alarms,"""Last Modified""",datetime
alarms,alarms,"""Repeat Schedule""",
alarms,alarms,"""Alarm Sound""",
alarms,alarms,"""Is Sleep Alarm""",
alarms,alarms,"""Bedtime Not Disturbed""",
alarms,alarms,"""Bedtime Fire Date""",
biomeDKInfocus,get_biomeDKInfocus,"""SEGB Timestamp""",datetime
biomeDKInfocus,get_biomeDKInfocus,"""Time Start""",datetime
biomeDKInfocus,get_biomeDKInfocus,"""Time End""",datetime
biomeDKInfocus,get_biomeDKInfocus,"""Time Write""",datetime
biomeDKInfocus,get_biomeDKInfocus,"""SEGB State""",
biomeDKInfocus,get_biomeDKInfocus,"""Activity""",
biomeDKInfocus,get_biomeDKInfocus,"""Bundle ID""",
biomeDKInfocus,get_biomeDKInfocus,"""Transition""",
biomeDKInfocus,get_biomeDKInfocus,"""Action GUID""",
biomeDKInfocus,get_biomeDKInfocus,"""Filename""",
biomeDKInfocus,get_biomeDKInfocus,"""Offset""",
backupSettings,backupSettings,"""Property""",
backupSettings,backupSettings,"""Property Value""",
wifiIdentifiers,wifiIdentifiers,"""MAC Address""",
wifiIdentifiers,wifiIdentifiers,"""User Defined Name""",
wifiIdentifiers,wifiIdentifiers,"""BSD Name""",
sms,get_sms,"""Message Timestamp""",datetime
sms,get_sms,"""Read Timestamp""",datetime
sms,get_sms,"""Message""",
sms,get_sms,"""Service""",
sms,get_sms,"""Message Direction""",
sms,get_sms,"""Message Sent""",
sms,get_sms,"""Message Delivered""",
sms,get_sms,"""Message Read""",
sms,get_sms,"""Account""",
sms,get_sms,"""Account Login""",
sms,get_sms,"""Chat Contact ID""",
sms,get_sms,"""Attachment Name""",
sms,get_sms,"""Attachment Path""",
sms,get_sms,"""Attachment Timestamp""",datetime
sms,get_sms,"""Attachment Mimetype""",
sms,get_sms,"""Attachment Size (Bytes)""",
sms,get_sms,"""Message Row ID""",
sms,get_sms,"""Chat ID""",
sms,get_sms,"""From Me""",
knowledgeC,knowledgeC_BatteryPercentage,"""Start Time""",datetime
knowledgeC,knowledgeC_BatteryPercentage,"""End Time""",datetime
knowledgeC,knowledgeC_BatteryPercentage,"""Battery Percentage""",
knowledgeC,knowledgeC_BatteryPercentage,"""Is Fully Charged?""",
knowledgeC,knowledgeC_BatteryPercentage,"""Time Added""",datetime
knowledgeC,knowledgeC_DevicePluginStatus,"""Start Time""",datetime
knowledgeC,knowledgeC_DevicePluginStatus,"""End Time""",datetime
knowledgeC,knowledgeC_DevicePluginStatus,"""Device Plugin Status""",
knowledgeC,knowledgeC_DevicePluginStatus,"""Time Added""",datetime
knowledgeC,knowledgeC_MediaPlaying,"""Start Time""",datetime
knowledgeC,knowledgeC_MediaPlaying,"""End Time""",datetime
knowledgeC,knowledgeC_MediaPlaying,"""Playing State""",
knowledgeC,knowledgeC_MediaPlaying,"""Playing Duration""",
knowledgeC,knowledgeC_MediaPlaying,"""App Bundle ID""",
knowledgeC,knowledgeC_MediaPlaying,"""Artist""",
knowledgeC,knowledgeC_MediaPlaying,"""Album""",
knowledgeC,knowledgeC_MediaPlaying,"""Title""",
knowledgeC,knowledgeC_MediaPlaying,"""Genre""",
knowledgeC,knowledgeC_MediaPlaying,"""Media Duration""",
knowledgeC,knowledgeC_MediaPlaying,"""Time Added""",datetime
knowledgeC,knowledgeC_DoNotDisturb,"""Start Time""",datetime
knowledgeC,knowledgeC_DoNotDisturb,"""End Time""",datetime
knowledgeC,knowledgeC_DoNotDisturb,"""Do Not Disturb?""",
knowledgeC,knowledgeC_DoNotDisturb,"""Time Added""",datetime
calendarAll,calendarEvents,"""Start Time""",
calendarAll,calendarEvents,"""End Time""",
calendarAll,calendarEvents,"""Timezone""",
calendarAll,calendarEvents,"""Calendar Name""",
calendarAll,calendarEvents,"""Account Name""",
calendarAll,calendarEvents,"""Event Title""",
calendarAll,calendarEvents,"""Location Name""",
calendarAll,calendarEvents,"""Location Address""",
calendarAll,calendarEvents,"""Location Coordinates""",
calendarAll,calendarEvents,"""Invitation From""",
calendarAll,calendarEvents,"""Invitees""",
calendarAll,calendarEvents,"""Conference URL""",
calendarAll,calendarEvents,"""Attachments""",
calendarAll,calendarEvents,"""Notes""",
calendarAll,calendarEvents,"""Creation Time""",
calendarAll,calendarEvents,"""Last Modification Time""",
calendarAll,calendarBirthdays,"""Person Name""",
calendarAll,calendarBirthdays,"""Date of Birth""",
calendarAll,calendarBirthdays,"""Calendar Name""",
calendarAll,calendarBirthdays,"""Account Name""",
calendarAll,calendarList,"""Calendar Name""",
calendarAll,calendarList,"""Account Name""",
calendarAll,calendarList,"""Account Email""",
calendarAll,calendarList,"""Owner Name""",
calendarAll,calendarList,"""Owner Email""",
calendarAll,calendarList,"""Sharing Status""",
calendarAll,calendarList,"""Notes""",
photosMigration,get_photosMigration,"""Timestamp""",datetime
photosMigration,get_photosMigration,"""Migration Index""",
photosMigration,get_photosMigration,"""Type""",
photosMigration,get_photosMigration,"""Force Rebuild Reason""",
photosMigration,get_photosMigration,"""Source Model Version""",
photosMigration,get_photosMigration,"""Model Version""",
photosMigration,get_photosMigration,"""Build/iOS Version""",
photosMigration,get_photosMigration,"""Origin""",
photosMigration,get_photosMigration,"""Store UUID""",
tcc,get_tcc,"""Bundle ID""",
tcc,get_tcc,"""Service""",
tcc,get_tcc,"""Access""",
tcc,get_tcc,"""Prompt Count""",
keyboard,keyboardLexicon,"""Found Strings""",
keyboard,keyboardLexicon,"""File Location""",
keyboard,keyboardAppUsage,"""Date""",datetime
keyboard,keyboardAppUsage,"""Application Name""",
keyboard,keyboardAppUsage,"""Application Time Used in Seconds""",
keyboard,keyboardAppUsage,"""Keyboard Times Used in Seconds""",
keyboard,keyboardUsageStats,"""Creation Date""",datetime
keyboard,keyboardUsageStats,"""Last Update Date""",datetime
keyboard,keyboardUsageStats,"""Key""",
keyboard,keyboardUsageStats,"""Data Value""",
keyboard,keyboardUsageStats,"""Source File""",
