Module Name,Artifact Name,Search Pattern,List File Name,Count,Search Time (s)
serialNumber,serialNumber,*/Library/Caches/locationd/consolidated.db*,josh-hickman-ios15.csv,3,0.8830
serialNumber,serialNumber,*/Library/Caches/locationd/consolidated.db*,belkasoft-ctf6-ios-dev1.csv,3,0.1447
serialNumber,serialNumber,*/Library/Caches/locationd/consolidated.db*,magnet-mvs-2023-ios.csv,3,0.6552
DataUsage,datausage,*/wireless/Library/Databases/DataUsage.sqlite*,josh-hickman-ios15.csv,3,0.8754
DataUsage,datausage,*/wireless/Library/Databases/DataUsage.sqlite*,belkasoft-ctf6-ios-dev1.csv,3,0.1432
DataUsage,datausage,*/wireless/Library/Databases/DataUsage.sqlite*,magnet-mvs-2023-ios.csv,3,0.6607
Ph10AssetParsedEmbeddedFiles,Ph10-1-Assets have embedded files-PhDaPsql,*/PhotoData/Photos.sqlite*,josh-hickman-ios15.csv,3,0.8788
Ph10AssetParsedEmbeddedFiles,Ph10-1-Assets have embedded files-PhDaPsql,*/PhotoData/Photos.sqlite*,belkasoft-ctf6-ios-dev1.csv,3,0.1393
Ph10AssetParsedEmbeddedFiles,Ph10-1-Assets have embedded files-PhDaPsql,*/PhotoData/Photos.sqlite*,magnet-mvs-2023-ios.csv,3,0.6463
Ph10AssetParsedEmbeddedFiles,Ph10-2-Assets have embedded files-SyndPL,*/mobile/Library/Photos/Libraries/Syndication.photoslibrary/database/Photos.sqlite*,josh-hickman-ios15.csv,3,0.8605
Ph10AssetParsedEmbeddedFiles,Ph10-2-Assets have embedded files-SyndPL,*/mobile/Library/Photos/Libraries/Syndication.photoslibrary/database/Photos.sqlite*,belkasoft-ctf6-ios-dev1.csv,3,0.1405
Ph10AssetParsedEmbeddedFiles,Ph10-2-Assets have embedded files-SyndPL,*/mobile/Library/Photos/Libraries/Syndication.photoslibrary/database/Photos.sqlite*,magnet-mvs-2023-ios.csv,3,0.6484
addressBook,addressbook,*/mobile/Library/AddressBook/AddressBook*.sqlitedb*,josh-hickman-ios15.csv,6,0.8771
addressBook,addressbook,*/mobile/Library/AddressBook/AddressBook*.sqlitedb*,belkasoft-ctf6-ios-dev1.csv,6,0.1431
addressBook,addressbook,*/mobile/Library/AddressBook/AddressBook*.sqlitedb*,magnet-mvs-2023-ios.csv,6,0.6573
mediaLibrary,mediaLibrary,**/Medialibrary.sqlitedb*,josh-hickman-ios15.csv,0,0.8755
mediaLibrary,mediaLibrary,**/Medialibrary.sqlitedb*,belkasoft-ctf6-ios-dev1.csv,0,0.1430
mediaLibrary,mediaLibrary,**/Medialibrary.sqlitedb*,magnet-mvs-2023-ios.csv,0,0.6517
Ph35iCloudSharedLinkAssets,Ph35-iCloud Shared Link Assets-PhDaPsql,*/PhotoData/Photos.sqlite*,josh-hickman-ios15.csv,3,0.8996
Ph35iCloudSharedLinkAssets,Ph35-iCloud Shared Link Assets-PhDaPsql,*/PhotoData/Photos.sqlite*,belkasoft-ctf6-ios-dev1.csv,3,0.1427
Ph35iCloudSharedLinkAssets,Ph35-iCloud Shared Link Assets-PhDaPsql,*/PhotoData/Photos.sqlite*,magnet-mvs-2023-ios.csv,3,0.6771
Ph32AssetsIniCldSPLwContrib,Ph32-iCloud SPL Assets with Contributor-PhDaPsql,*/PhotoData/Photos.sqlite*,josh-hickman-ios15.csv,3,0.9040
Ph32AssetsIniCldSPLwContrib,Ph32-iCloud SPL Assets with Contributor-PhDaPsql,*/PhotoData/Photos.sqlite*,belkasoft-ctf6-ios-dev1.csv,3,0.1440
Ph32AssetsIniCldSPLwContrib,Ph32-iCloud SPL Assets with Contributor-PhDaPsql,*/PhotoData/Photos.sqlite*,magnet-mvs-2023-ios.csv,3,0.6933
ATXDatastore,ATXDatastore,**DuetExpertCenter/_ATXDataStore.db*,josh-hickman-ios15.csv,3,0.8458
ATXDatastore,ATXDatastore,**routined/Local.sqlite*,josh-hickman-ios15.csv,3,0.8729
ATXDatastore,ATXDatastore,**DuetExpertCenter/_ATXDataStore.db*,belkasoft-ctf6-ios-dev1.csv,0,0.1383
ATXDatastore,ATXDatastore,**routined/Local.sqlite*,belkasoft-ctf6-ios-dev1.csv,3,0.1425
ATXDatastore,ATXDatastore,**DuetExpertCenter/_ATXDataStore.db*,magnet-mvs-2023-ios.csv,3,0.6316
ATXDatastore,ATXDatastore,**routined/Local.sqlite*,magnet-mvs-2023-ios.csv,3,0.6593
Ph31iCloudSharePhotoLibraryNAD,Ph31-iCloud SPL with Participants with NAD-PhDaPsql,*/PhotoData/Photos.sqlite*,josh-hickman-ios15.csv,3,0.8997
Ph31iCloudSharePhotoLibraryNAD,Ph31-iCloud SPL with Participants with NAD-PhDaPsql,*/PhotoData/Photos.sqlite*,belkasoft-ctf6-ios-dev1.csv,3,0.1458
Ph31iCloudSharePhotoLibraryNAD,Ph31-iCloud SPL with Participants with NAD-PhDaPsql,*/PhotoData/Photos.sqlite*,magnet-mvs-2023-ios.csv,3,0.6693
accs,accs,*/mobile/Library/Accounts/Accounts3.sqlite*,josh-hickman-ios15.csv,3,0.8711
accs,accs,*/mobile/Library/Accounts/Accounts3.sqlite*,belkasoft-ctf6-ios-dev1.csv,3,0.1455
accs,accs,*/mobile/Library/Accounts/Accounts3.sqlite*,magnet-mvs-2023-ios.csv,3,0.6607
Ph94Ios14REFforAssetAnalysis,Ph94-1-iOS14_Ref_for_Asset_Analysis-PhDaPsql,*/PhotoData/Photos.sqlite*,josh-hickman-ios15.csv,3,0.8927
Ph94Ios14REFforAssetAnalysis,Ph94-1-iOS14_Ref_for_Asset_Analysis-PhDaPsql,*/PhotoData/Photos.sqlite*,belkasoft-ctf6-ios-dev1.csv,3,0.1428
Ph94Ios14REFforAssetAnalysis,Ph94-1-iOS14_Ref_for_Asset_Analysis-PhDaPsql,*/PhotoData/Photos.sqlite*,magnet-mvs-2023-ios.csv,3,0.6645
Ph94Ios14REFforAssetAnalysis,Ph94-2-iOS14_Ref_for_Asset_Analysis-SyndPL,*/mobile/Library/Photos/Libraries/Syndication.photoslibrary/database/Photos.sqlite*,josh-hickman-ios15.csv,3,0.8668
Ph94Ios14REFforAssetAnalysis,Ph94-2-iOS14_Ref_for_Asset_Analysis-SyndPL,*/mobile/Library/Photos/Libraries/Syndication.photoslibrary/database/Photos.sqlite*,belkasoft-ctf6-ios-dev1.csv,3,0.1450
Ph94Ios14REFforAssetAnalysis,Ph94-2-iOS14_Ref_for_Asset_Analysis-SyndPL,*/mobile/Library/Photos/Libraries/Syndication.photoslibrary/database/Photos.sqlite*,magnet-mvs-2023-ios.csv,3,0.6525
whatsappMessages,whatsappMessages,*/var/mobile/Containers/Shared/AppGroup/*/ChatStorage.sqlite*,josh-hickman-ios15.csv,0,0.8882
whatsappMessages,whatsappMessages,*/var/mobile/Containers/Shared/AppGroup/*/Message/Media/*/*/*/*.*,josh-hickman-ios15.csv,0,0.8800
whatsappMessages,whatsappMessages,*/var/mobile/Containers/Shared/AppGroup/*/ChatStorage.sqlite*,belkasoft-ctf6-ios-dev1.csv,0,0.1423
whatsappMessages,whatsappMessages,*/var/mobile/Containers/Shared/AppGroup/*/Message/Media/*/*/*/*.*,belkasoft-ctf6-ios-dev1.csv,0,0.1378
whatsappMessages,whatsappMessages,*/var/mobile/Containers/Shared/AppGroup/*/ChatStorage.sqlite*,magnet-mvs-2023-ios.csv,0,0.6524
whatsappMessages,whatsappMessages,*/var/mobile/Containers/Shared/AppGroup/*/Message/Media/*/*/*/*.*,magnet-mvs-2023-ios.csv,0,0.6540
filesApps,filesapp,*/mobile/Library/Application Support/CloudDocs/session/db/client.db*,josh-hickman-ios15.csv,3,0.9208
filesApps,filesapp,*/mobile/Library/Application Support/CloudDocs/session/db/server.db*,josh-hickman-ios15.csv,3,0.8659
filesApps,filesapp,*/mobile/Library/Application Support/CloudDocs/session/db/client.db*,belkasoft-ctf6-ios-dev1.csv,0,0.1409
filesApps,filesapp,*/mobile/Library/Application Support/CloudDocs/session/db/server.db*,belkasoft-ctf6-ios-dev1.csv,0,0.1387
filesApps,filesapp,*/mobile/Library/Application Support/CloudDocs/session/db/client.db*,magnet-mvs-2023-ios.csv,3,0.6454
filesApps,filesapp,*/mobile/Library/Application Support/CloudDocs/session/db/server.db*,magnet-mvs-2023-ios.csv,3,0.6465
Ph99SystemVersionPlist,Ph99-System-Version-Plist,*/SystemVersion.plist,josh-hickman-ios15.csv,1,0.3096
Ph99SystemVersionPlist,Ph99-System-Version-Plist,*/SystemVersion.plist,belkasoft-ctf6-ios-dev1.csv,0,0.0491
Ph99SystemVersionPlist,Ph99-System-Version-Plist,*/SystemVersion.plist,magnet-mvs-2023-ios.csv,1,0.2275
Ph97iOS17REFforAssetAnalysis,Ph97-1-iOS17_Ref_for_Asset_Analysis-PhDaPsql,*/PhotoData/Photos.sqlite*,josh-hickman-ios15.csv,3,0.8905
Ph97iOS17REFforAssetAnalysis,Ph97-1-iOS17_Ref_for_Asset_Analysis-PhDaPsql,*/PhotoData/Photos.sqlite*,belkasoft-ctf6-ios-dev1.csv,3,0.1451
Ph97iOS17REFforAssetAnalysis,Ph97-1-iOS17_Ref_for_Asset_Analysis-PhDaPsql,*/PhotoData/Photos.sqlite*,magnet-mvs-2023-ios.csv,3,0.6715
Ph97iOS17REFforAssetAnalysis,Ph97-2-iOS17_Ref_for_Asset_Analysis-SyndPL,*/mobile/Library/Photos/Libraries/Syndication.photoslibrary/database/Photos.sqlite*,josh-hickman-ios15.csv,3,0.8855
Ph97iOS17REFforAssetAnalysis,Ph97-2-iOS17_Ref_for_Asset_Analysis-SyndPL,*/mobile/Library/Photos/Libraries/Syndication.photoslibrary/database/Photos.sqlite*,belkasoft-ctf6-ios-dev1.csv,3,0.1491
Ph97iOS17REFforAssetAnalysis,Ph97-2-iOS17_Ref_for_Asset_Analysis-SyndPL,*/mobile/Library/Photos/Libraries/Syndication.photoslibrary/database/Photos.sqlite*,magnet-mvs-2023-ios.csv,3,0.6573
callHistory,callhistory,**/CallHistory.storedata*,josh-hickman-ios15.csv,3,0.9292
callHistory,callhistory,**/call_history.db,josh-hickman-ios15.csv,0,0.2984
callHistory,callhistory,**/CallHistory.storedata*,belkasoft-ctf6-ios-dev1.csv,3,0.1453
callHistory,callhistory,**/call_history.db,belkasoft-ctf6-ios-dev1.csv,0,0.0450
callHistory,callhistory,**/CallHistory.storedata*,magnet-mvs-2023-ios.csv,3,0.6729
callHistory,callhistory,**/call_history.db,magnet-mvs-2023-ios.csv,0,0.2184
Ph84CameraSmartSharingMetadataPlist,Ph84-Camera-Smart-Sharing-Metadata-Plist,*/PhotoData/Caches/SmartSharing/camera_smart_sharing_metadata.plist,josh-hickman-ios15.csv,0,0.2967
Ph84CameraSmartSharingMetadataPlist,Ph84-Camera-Smart-Sharing-Metadata-Plist,*/PhotoData/Caches/SmartSharing/camera_smart_sharing_metadata.plist,belkasoft-ctf6-ios-dev1.csv,0,0.0475
Ph84CameraSmartSharingMetadataPlist,Ph84-Camera-Smart-Sharing-Metadata-Plist,*/PhotoData/Caches/SmartSharing/camera_smart_sharing_metadata.plist,magnet-mvs-2023-ios.csv,0,0.2181
Ph26SyndicationPLAssets,Ph26-1-Syndication ID Assets-PhDaPsql,*/PhotoData/Photos.sqlite*,josh-hickman-ios15.csv,3,0.8816
Ph26SyndicationPLAssets,Ph26-1-Syndication ID Assets-PhDaPsql,*/PhotoData/Photos.sqlite*,belkasoft-ctf6-ios-dev1.csv,3,0.1410
Ph26SyndicationPLAssets,Ph26-1-Syndication ID Assets-PhDaPsql,*/PhotoData/Photos.sqlite*,magnet-mvs-2023-ios.csv,3,0.6546
Ph26SyndicationPLAssets,Ph26-2-Syndication PL Assets-SyndPL,*/mobile/Library/Photos/Libraries/Syndication.photoslibrary/database/Photos.sqlite*,josh-hickman-ios15.csv,3,0.8773
Ph26SyndicationPLAssets,Ph26-2-Syndication PL Assets-SyndPL,*/mobile/Library/Photos/Libraries/Syndication.photoslibrary/database/Photos.sqlite*,belkasoft-ctf6-ios-dev1.csv,3,0.1416
Ph26SyndicationPLAssets,Ph26-2-Syndication PL Assets-SyndPL,*/mobile/Library/Photos/Libraries/Syndication.photoslibrary/database/Photos.sqlite*,magnet-mvs-2023-ios.csv,3,0.6496
Ph83comapplePurpleBuddyPlist,Ph83-Com-Apple-PurpleBuddy-Plist,*/Library/Preferences/com.apple.purplebuddy.plist,josh-hickman-ios15.csv,1,0.3006
Ph83comapplePurpleBuddyPlist,Ph83-Com-Apple-PurpleBuddy-Plist,*/Library/Preferences/com.apple.purplebuddy.plist,belkasoft-ctf6-ios-dev1.csv,1,0.0473
Ph83comapplePurpleBuddyPlist,Ph83-Com-Apple-PurpleBuddy-Plist,*/Library/Preferences/com.apple.purplebuddy.plist,magnet-mvs-2023-ios.csv,1,0.2193
Ph82comappleMediaAnalysisDPlist,Ph82-Com-Apple-MediaAnalysisD-Plist,*/mobile/Library/Preferences/com.apple.mediaanalysisd.plist,josh-hickman-ios15.csv,1,0.2992
Ph82comappleMediaAnalysisDPlist,Ph82-Com-Apple-MediaAnalysisD-Plist,*/mobile/Library/Preferences/com.apple.mediaanalysisd.plist,belkasoft-ctf6-ios-dev1.csv,1,0.0450
Ph82comappleMediaAnalysisDPlist,Ph82-Com-Apple-MediaAnalysisD-Plist,*/mobile/Library/Preferences/com.apple.mediaanalysisd.plist,magnet-mvs-2023-ios.csv,1,0.2140
Ph81comappleCameraPlist,Ph81-Com-Apple-Camera-Plist,*/mobile/Library/Preferences/com.apple.camera.plist,josh-hickman-ios15.csv,1,0.2957
Ph81comappleCameraPlist,Ph81-Com-Apple-Camera-Plist,*/mobile/Library/Preferences/com.apple.camera.plist,belkasoft-ctf6-ios-dev1.csv,1,0.0472
Ph81comappleCameraPlist,Ph81-Com-Apple-Camera-Plist,*/mobile/Library/Preferences/com.apple.camera.plist,magnet-mvs-2023-ios.csv,1,0.2140
Ph22AssetsInNonSharedAlbums,Ph22-Assets in Non-Shared Albums-PhDaPsql,*/PhotoData/Photos.sqlite*,josh-hickman-ios15.csv,3,0.8969
Ph22AssetsInNonSharedAlbums,Ph22-Assets in Non-Shared Albums-PhDaPsql,*/PhotoData/Photos.sqlite*,belkasoft-ctf6-ios-dev1.csv,3,0.1444
Ph22AssetsInNonSharedAlbums,Ph22-Assets in Non-Shared Albums-PhDaPsql,*/PhotoData/Photos.sqlite*,magnet-mvs-2023-ios.csv,3,0.6761
line,line,**/Line.sqlite*,josh-hickman-ios15.csv,3,0.8911
line,line,**/Line.sqlite*,belkasoft-ctf6-ios-dev1.csv,0,0.1427
line,line,**/Line.sqlite*,magnet-mvs-2023-ios.csv,0,0.6557
Ph33AssetsIniCldSPLfromOtherContrib,Ph33-iCld SPL Assets from other contrib-PhDaPsql,*/PhotoData/Photos.sqlite*,josh-hickman-ios15.csv,3,0.8834
Ph33AssetsIniCldSPLfromOtherContrib,Ph33-iCld SPL Assets from other contrib-PhDaPsql,*/PhotoData/Photos.sqlite*,belkasoft-ctf6-ios-dev1.csv,3,0.1441
Ph33AssetsIniCldSPLfromOtherContrib,Ph33-iCld SPL Assets from other contrib-PhDaPsql,*/PhotoData/Photos.sqlite*,magnet-mvs-2023-ios.csv,3,0.6536
Ph11KwrdsCapsTitlesDescripsBasicAssetData,Ph11-KwrdsCapsTitlesDescripsLikesBasicAsstData-PhDaPsql,*/PhotoData/Photos.sqlite*,josh-hickman-ios15.csv,3,0.9021
Ph11KwrdsCapsTitlesDescripsBasicAssetData,Ph11-KwrdsCapsTitlesDescripsLikesBasicAsstData-PhDaPsql,*/PhotoData/Photos.sqlite*,belkasoft-ctf6-ios-dev1.csv,3,0.1449
Ph11KwrdsCapsTitlesDescripsBasicAssetData,Ph11-KwrdsCapsTitlesDescripsLikesBasicAsstData-PhDaPsql,*/PhotoData/Photos.sqlite*,magnet-mvs-2023-ios.csv,3,0.6682
booking,booking,*/mobile/Containers/Data/Application/*/Library/Preferences/com.booking.BookingApp.plist,josh-hickman-ios15.csv,0,0.7832
booking,booking,*/mobile/Containers/Data/Application/*/Library/Preferences/com.booking.BookingApp.plist,belkasoft-ctf6-ios-dev1.csv,0,0.1143
booking,booking,*/mobile/Containers/Data/Application/*/Library/Preferences/com.booking.BookingApp.plist,magnet-mvs-2023-ios.csv,0,0.6038
ZangiChats,Zangi_Chats,*/private/var/mobile/Containers/Shared/AppGroup/*/zangidb.sqlite*,josh-hickman-ios15.csv,0,0.8728
ZangiChats,Zangi_Chats,*/private/var/mobile/Containers/Shared/AppGroup/*/zangidb.sqlite*,belkasoft-ctf6-ios-dev1.csv,0,0.1427
ZangiChats,Zangi_Chats,*/private/var/mobile/Containers/Shared/AppGroup/*/zangidb.sqlite*,magnet-mvs-2023-ios.csv,0,0.6581
uberLeveldb,uberLocations,*/Data/Application/*/Library/Application Support/com.ubercab.UberClient/storagev2/*,josh-hickman-ios15.csv,0,0.8624
uberLeveldb,uberLocations,*/Data/Application/*/Library/Application Support/com.ubercab.UberClient/storagev2/*,belkasoft-ctf6-ios-dev1.csv,188,0.1405
uberLeveldb,uberLocations,*/Data/Application/*/Library/Application Support/com.ubercab.UberClient/storagev2/*,magnet-mvs-2023-ios.csv,0,0.6367
Ph98iOS18REFforAssetAnalysis,Ph98-1-iOS18_Ref_for_Asset_Analysis-PhDaPsql,*/PhotoData/Photos.sqlite*,josh-hickman-ios15.csv,3,0.8938
Ph98iOS18REFforAssetAnalysis,Ph98-1-iOS18_Ref_for_Asset_Analysis-PhDaPsql,*/PhotoData/Photos.sqlite*,belkasoft-ctf6-ios-dev1.csv,3,0.1438
Ph98iOS18REFforAssetAnalysis,Ph98-1-iOS18_Ref_for_Asset_Analysis-PhDaPsql,*/PhotoData/Photos.sqlite*,magnet-mvs-2023-ios.csv,3,0.6620
Ph98iOS18REFforAssetAnalysis,Ph98-2-iOS18_Ref_for_Asset_Analysis-SyndPL,*/mobile/Library/Photos/Libraries/Syndication.photoslibrary/database/Photos.sqlite*,josh-hickman-ios15.csv,3,0.8672
Ph98iOS18REFforAssetAnalysis,Ph98-2-iOS18_Ref_for_Asset_Analysis-SyndPL,*/mobile/Library/Photos/Libraries/Syndication.photoslibrary/database/Photos.sqlite*,belkasoft-ctf6-ios-dev1.csv,3,0.1385
Ph98iOS18REFforAssetAnalysis,Ph98-2-iOS18_Ref_for_Asset_Analysis-SyndPL,*/mobile/Library/Photos/Libraries/Syndication.photoslibrary/database/Photos.sqlite*,magnet-mvs-2023-ios.csv,3,0.6487
cachev0,cachev0,*/cacheV0.db*,josh-hickman-ios15.csv,2,0.8703
cachev0,cachev0,*/cacheV0.db*,belkasoft-ctf6-ios-dev1.csv,0,0.1443
cachev0,cachev0,*/cacheV0.db*,magnet-mvs-2023-ios.csv,7,0.6522
Ph34iCloudSharedLinksNAD,Ph34-iCloud Shared Link Records with NAD-PhDaPsql,*/PhotoData/Photos.sqlite*,josh-hickman-ios15.csv,3,0.8897
Ph34iCloudSharedLinksNAD,Ph34-iCloud Shared Link Records with NAD-PhDaPsql,*/PhotoData/Photos.sqlite*,belkasoft-ctf6-ios-dev1.csv,3,0.1466
Ph34iCloudSharedLinksNAD,Ph34-iCloud Shared Link Records with NAD-PhDaPsql,*/PhotoData/Photos.sqlite*,magnet-mvs-2023-ios.csv,3,0.6600
Splitwise,splitwise,*/Library/Application Support/database.sqlite*,josh-hickman-ios15.csv,0,0.9043
Splitwise,splitwise,*/Library/Application Support/database.sqlite*,belkasoft-ctf6-ios-dev1.csv,1,0.1388
Splitwise,splitwise,*/Library/Application Support/database.sqlite*,magnet-mvs-2023-ios.csv,0,0.6588
Ph86astsdcloudServiceEnableLogplist,Ph86-assetsd-cloud-Service-Enable-Log-Plist,*/com.apple.assetsd/cloudServiceEnableLog.plist,josh-hickman-ios15.csv,1,0.3011
Ph86astsdcloudServiceEnableLogplist,Ph86-assetsd-cloud-Service-Enable-Log-Plist,*/com.apple.assetsd/cloudServiceEnableLog.plist,belkasoft-ctf6-ios-dev1.csv,1,0.0473
Ph86astsdcloudServiceEnableLogplist,Ph86-assetsd-cloud-Service-Enable-Log-Plist,*/com.apple.assetsd/cloudServiceEnableLog.plist,magnet-mvs-2023-ios.csv,1,0.2177
Ph23AlbumsSharedNAD,Ph23-Shared Album Records & Invites with NAD-PhDaPsql,*/PhotoData/Photos.sqlite*,josh-hickman-ios15.csv,3,0.8958
Ph23AlbumsSharedNAD,Ph23-Shared Album Records & Invites with NAD-PhDaPsql,*/PhotoData/Photos.sqlite*,belkasoft-ctf6-ios-dev1.csv,3,0.1424
Ph23AlbumsSharedNAD,Ph23-Shared Album Records & Invites with NAD-PhDaPsql,*/PhotoData/Photos.sqlite*,magnet-mvs-2023-ios.csv,3,0.6770
blockedContacts,blockedContacts,*/mobile/Library/Preferences/com.apple.cmfsyncagent.plist,josh-hickman-ios15.csv,1,0.2988
blockedContacts,blockedContacts,*/mobile/Library/Preferences/com.apple.cmfsyncagent.plist,belkasoft-ctf6-ios-dev1.csv,0,0.0471
blockedContacts,blockedContacts,*/mobile/Library/Preferences/com.apple.cmfsyncagent.plist,magnet-mvs-2023-ios.csv,0,0.2191
Ph80comappleMobileSlideShowPlist,Ph80-Com-Apple-MobileSlideshow-Plist,*/Library/Preferences/com.apple.mobileslideshow.plist,josh-hickman-ios15.csv,1,0.2981
Ph80comappleMobileSlideShowPlist,Ph80-Com-Apple-MobileSlideshow-Plist,*/Library/Preferences/com.apple.mobileslideshow.plist,belkasoft-ctf6-ios-dev1.csv,1,0.0474
Ph80comappleMobileSlideShowPlist,Ph80-Com-Apple-MobileSlideshow-Plist,*/Library/Preferences/com.apple.mobileslideshow.plist,magnet-mvs-2023-ios.csv,1,0.2214
applicationstate,applicationstate,*/mobile/Library/FrontBoard/applicationState.db*,josh-hickman-ios15.csv,3,0.8765
applicationstate,applicationstate,*/mobile/Library/FrontBoard/applicationState.db*,belkasoft-ctf6-ios-dev1.csv,3,0.1401
applicationstate,applicationstate,*/mobile/Library/FrontBoard/applicationState.db*,magnet-mvs-2023-ios.csv,3,0.6520
Ph25SWYConvAlbumsNAD,Ph25-1-SWY Conversation Records with NAD-PhDaPsql,*/PhotoData/Photos.sqlite*,josh-hickman-ios15.csv,3,0.8868
Ph25SWYConvAlbumsNAD,Ph25-1-SWY Conversation Records with NAD-PhDaPsql,*/PhotoData/Photos.sqlite*,belkasoft-ctf6-ios-dev1.csv,3,0.1407
Ph25SWYConvAlbumsNAD,Ph25-1-SWY Conversation Records with NAD-PhDaPsql,*/PhotoData/Photos.sqlite*,magnet-mvs-2023-ios.csv,3,0.6743
Ph25SWYConvAlbumsNAD,Ph25-2-SWY Conversation Records with NAD-SyndPL,*/mobile/Library/Photos/Libraries/Syndication.photoslibrary/database/Photos.sqlite*,josh-hickman-ios15.csv,3,0.8743
Ph25SWYConvAlbumsNAD,Ph25-2-SWY Conversation Records with NAD-SyndPL,*/mobile/Library/Photos/Libraries/Syndication.photoslibrary/database/Photos.sqlite*,belkasoft-ctf6-ios-dev1.csv,3,0.1422
Ph25SWYConvAlbumsNAD,Ph25-2-SWY Conversation Records with NAD-SyndPL,*/mobile/Library/Photos/Libraries/Syndication.photoslibrary/database/Photos.sqlite*,magnet-mvs-2023-ios.csv,3,0.6495
WatchSleepData,HealthSleepData,*Health/healthdb_secure.sqlite*,josh-hickman-ios15.csv,3,0.8479
WatchSleepData,HealthSleepData,*Health/healthdb_secure.sqlite*,belkasoft-ctf6-ios-dev1.csv,3,0.1391
WatchSleepData,HealthSleepData,*Health/healthdb_secure.sqlite*,magnet-mvs-2023-ios.csv,3,0.6544
Ph30iCloudShareMethodsNAD,Ph30-iCloud Shared Methods with NAD-PhDaPsql,*/PhotoData/Photos.sqlite*,josh-hickman-ios15.csv,3,0.8908
Ph30iCloudShareMethodsNAD,Ph30-iCloud Shared Methods with NAD-PhDaPsql,*/PhotoData/Photos.sqlite*,belkasoft-ctf6-ios-dev1.csv,3,0.1451
Ph30iCloudShareMethodsNAD,Ph30-iCloud Shared Methods with NAD-PhDaPsql,*/PhotoData/Photos.sqlite*,magnet-mvs-2023-ios.csv,3,0.6615
Ph50AssetIntResouData,Ph50-1-Asset_IntResou-PhDaPsql,*/PhotoData/Photos.sqlite*,josh-hickman-ios15.csv,3,0.8932
Ph50AssetIntResouData,Ph50-1-Asset_IntResou-PhDaPsql,*/PhotoData/Photos.sqlite*,belkasoft-ctf6-ios-dev1.csv,3,0.1431
Ph50AssetIntResouData,Ph50-1-Asset_IntResou-PhDaPsql,*/PhotoData/Photos.sqlite*,magnet-mvs-2023-ios.csv,3,0.6930
Ph50AssetIntResouData,Ph50-2-Asset_IntResou-SyndPL,*/mobile/Library/Photos/Libraries/Syndication.photoslibrary/database/Photos.sqlite*,josh-hickman-ios15.csv,3,0.8784
Ph50AssetIntResouData,Ph50-2-Asset_IntResou-SyndPL,*/mobile/Library/Photos/Libraries/Syndication.photoslibrary/database/Photos.sqlite*,belkasoft-ctf6-ios-dev1.csv,3,0.1404
Ph50AssetIntResouData,Ph50-2-Asset_IntResou-SyndPL,*/mobile/Library/Photos/Libraries/Syndication.photoslibrary/database/Photos.sqlite*,magnet-mvs-2023-ios.csv,3,0.6480
Ph8HasAdjustment,Ph8-Has Adjustment-PhDaPsql,*/PhotoData/Photos.sqlite*,josh-hickman-ios15.csv,3,0.8890
Ph8HasAdjustment,Ph8-Has Adjustment-PhDaPsql,*/PhotoData/Photos.sqlite*,belkasoft-ctf6-ios-dev1.csv,3,0.1454
Ph8HasAdjustment,Ph8-Has Adjustment-PhDaPsql,*/PhotoData/Photos.sqlite*,magnet-mvs-2023-ios.csv,3,0.6662
Ph51PossOptimizedAssetsIntResouData,Ph51-Possible_Optimized_Assets_IntResou-PhDaPsql,*/PhotoData/Photos.sqlite*,josh-hickman-ios15.csv,3,0.8871
Ph51PossOptimizedAssetsIntResouData,Ph51-Possible_Optimized_Assets_IntResou-PhDaPsql,*/PhotoData/Photos.sqlite*,belkasoft-ctf6-ios-dev1.csv,3,0.1433
Ph51PossOptimizedAssetsIntResouData,Ph51-Possible_Optimized_Assets_IntResou-PhDaPsql,*/PhotoData/Photos.sqlite*,magnet-mvs-2023-ios.csv,3,0.6666
dmss,Dahua Technology (DMSS),*/Library/Support/Devices.sqlite3*,josh-hickman-ios15.csv,0,0.8792
dmss,Dahua Technology (DMSS),*/Library/Support/configFile1,josh-hickman-ios15.csv,0,0.2992
dmss,Dahua Technology (DMSS),*/Library/Support/*/DMSSCloud.sqlite*,josh-hickman-ios15.csv,0,0.8792
dmss,Dahua Technology (DMSS),*/Documents/Captures/*,josh-hickman-ios15.csv,0,0.8780
dmss,Dahua Technology (DMSS),*/Documents/Videos/*,josh-hickman-ios15.csv,0,0.9007
dmss,Dahua Technology (DMSS),*/Library/Support/Devices.sqlite3*,belkasoft-ctf6-ios-dev1.csv,0,0.1429
dmss,Dahua Technology (DMSS),*/Library/Support/configFile1,belkasoft-ctf6-ios-dev1.csv,0,0.0441
dmss,Dahua Technology (DMSS),*/Library/Support/*/DMSSCloud.sqlite*,belkasoft-ctf6-ios-dev1.csv,0,0.1383
dmss,Dahua Technology (DMSS),*/Documents/Captures/*,belkasoft-ctf6-ios-dev1.csv,0,0.1409
dmss,Dahua Technology (DMSS),*/Documents/Videos/*,belkasoft-ctf6-ios-dev1.csv,0,0.1406
dmss,Dahua Technology (DMSS),*/Library/Support/Devices.sqlite3*,magnet-mvs-2023-ios.csv,0,0.6507
dmss,Dahua Technology (DMSS),*/Library/Support/configFile1,magnet-mvs-2023-ios.csv,0,0.2190
dmss,Dahua Technology (DMSS),*/Library/Support/*/DMSSCloud.sqlite*,magnet-mvs-2023-ios.csv,0,0.6530
dmss,Dahua Technology (DMSS),*/Documents/Captures/*,magnet-mvs-2023-ios.csv,0,0.6531
dmss,Dahua Technology (DMSS),*/Documents/Videos/*,magnet-mvs-2023-ios.csv,0,0.6540
wire,wire,**/store.wiredatabase*,josh-hickman-ios15.csv,3,0.8893
wire,wire,**/store.wiredatabase*,belkasoft-ctf6-ios-dev1.csv,0,0.1410
wire,wire,**/store.wiredatabase*,magnet-mvs-2023-ios.csv,0,0.6561
Gmail,gmail_offline_search,*/mobile/Containers/Data/Application/*/Library/Application Support/data/*/searchsqlitedb*,josh-hickman-ios15.csv,1,0.8425
Gmail,gmail_offline_search,*/mobile/Containers/Data/Application/*/Library/Application Support/data/*/searchsqlitedb*,belkasoft-ctf6-ios-dev1.csv,0,0.1346
Gmail,gmail_offline_search,*/mobile/Containers/Data/Application/*/Library/Application Support/data/*/searchsqlitedb*,magnet-mvs-2023-ios.csv,1,0.6260
Gmail,gmail_label_details,*/mobile/Containers/Data/Application/*/Library/Application Support/data/*/sqlitedb*,josh-hickman-ios15.csv,3,0.8605
Gmail,gmail_label_details,*/mobile/Containers/Data/Application/*/Library/Application Support/data/*/sqlitedb*,belkasoft-ctf6-ios-dev1.csv,0,0.1362
Gmail,gmail_label_details,*/mobile/Containers/Data/Application/*/Library/Application Support/data/*/sqlitedb*,magnet-mvs-2023-ios.csv,6,0.6431
burner,burnerPhoenix,*/mobile/Containers/Shared/AppGroup/*/Phoenix.sqlite*,josh-hickman-ios15.csv,3,0.8767
burner,burnerPhoenix,*/mobile/Containers/Data/Application/*/.com.apple.mobile_container_manager.metadata.plist,josh-hickman-ios15.csv,179,0.8147
burner,burnerPhoenix,*/mobile/Containers/Shared/AppGroup/*/Phoenix.sqlite*,belkasoft-ctf6-ios-dev1.csv,0,0.1389
burner,burnerPhoenix,*/mobile/Containers/Data/Application/*/.com.apple.mobile_container_manager.metadata.plist,belkasoft-ctf6-ios-dev1.csv,164,0.1163
burner,burnerPhoenix,*/mobile/Containers/Shared/AppGroup/*/Phoenix.sqlite*,magnet-mvs-2023-ios.csv,0,0.6515
burner,burnerPhoenix,*/mobile/Containers/Data/Application/*/.com.apple.mobile_container_manager.metadata.plist,magnet-mvs-2023-ios.csv,185,0.6046
telegramMesssages,TelegramMessages,*/telegram-data/account-*/postbox/db/db_sqlite*,josh-hickman-ios15.csv,4,0.8820
telegramMesssages,TelegramMessages,*/telegram-data/account-*/postbox/media/**,josh-hickman-ios15.csv,2002,0.8696
telegramMesssages,TelegramMessages,*/telegram-data/account-*/postbox/db/db_sqlite*,belkasoft-ctf6-ios-dev1.csv,2,0.1448
telegramMesssages,TelegramMessages,*/telegram-data/account-*/postbox/media/**,belkasoft-ctf6-ios-dev1.csv,1241,0.1413
telegramMesssages,TelegramMessages,*/telegram-data/account-*/postbox/db/db_sqlite*,magnet-mvs-2023-ios.csv,0,0.6525
telegramMesssages,TelegramMessages,*/telegram-data/account-*/postbox/media/**,magnet-mvs-2023-ios.csv,0,0.6577
whatsappCallHistory,whatsappCallHistory,*/var/mobile/Containers/Shared/AppGroup/*/CallHistory.sqlite*,josh-hickman-ios15.csv,0,0.8695
whatsappCallHistory,whatsappCallHistory,*/var/mobile/Containers/Shared/AppGroup/*/ContactsV2.sqlite*,josh-hickman-ios15.csv,0,0.8724
whatsappCallHistory,whatsappCallHistory,*/var/mobile/Containers/Shared/AppGroup/*/CallHistory.sqlite*,belkasoft-ctf6-ios-dev1.csv,0,0.1390
whatsappCallHistory,whatsappCallHistory,*/var/mobile/Containers/Shared/AppGroup/*/ContactsV2.sqlite*,belkasoft-ctf6-ios-dev1.csv,0,0.1444
whatsappCallHistory,whatsappCallHistory,*/var/mobile/Containers/Shared/AppGroup/*/CallHistory.sqlite*,magnet-mvs-2023-ios.csv,0,0.6488
whatsappCallHistory,whatsappCallHistory,*/var/mobile/Containers/Shared/AppGroup/*/ContactsV2.sqlite*,magnet-mvs-2023-ios.csv,3,0.6513
viber,viber,**/com.viber/settings/Settings.data*,josh-hickman-ios15.csv,6,0.8741
viber,viber,**/com.viber/database/Contacts.data*,josh-hickman-ios15.csv,3,0.8853
viber,viber,**/Containers/Data/Application/*/Documents/Attachments/*.*,josh-hickman-ios15.csv,2,0.8660
viber,viber,**/com.viber/ViberIcons/*.*,josh-hickman-ios15.csv,5,0.8766
viber,viber,**/com.viber/settings/Settings.data*,belkasoft-ctf6-ios-dev1.csv,0,0.1405
viber,viber,**/com.viber/database/Contacts.data*,belkasoft-ctf6-ios-dev1.csv,0,0.1397
viber,viber,**/Containers/Data/Application/*/Documents/Attachments/*.*,belkasoft-ctf6-ios-dev1.csv,0,0.1385
viber,viber,**/com.viber/ViberIcons/*.*,belkasoft-ctf6-ios-dev1.csv,0,0.1378
viber,viber,**/com.viber/settings/Settings.data*,magnet-mvs-2023-ios.csv,0,0.6560
viber,viber,**/com.viber/database/Contacts.data*,magnet-mvs-2023-ios.csv,0,0.6711
viber,viber,**/Containers/Data/Application/*/Documents/Attachments/*.*,magnet-mvs-2023-ios.csv,0,0.7267
viber,viber,**/com.viber/ViberIcons/*.*,magnet-mvs-2023-ios.csv,0,0.6734
Ph6ViewedPlayData,Ph6-View and Play Data-PhDaPsql,*/PhotoData/Photos.sqlite*,josh-hickman-ios15.csv,3,0.8945
Ph6ViewedPlayData,Ph6-View and Play Data-PhDaPsql,*/PhotoData/Photos.sqlite*,belkasoft-ctf6-ios-dev1.csv,3,0.1485
Ph6ViewedPlayData,Ph6-View and Play Data-PhDaPsql,*/PhotoData/Photos.sqlite*,magnet-mvs-2023-ios.csv,3,0.6781
sysShutdown,sysShutdown,*/shutdown.log,josh-hickman-ios15.csv,1,0.3225
sysShutdown,sysShutdown,*/shutdown.log,belkasoft-ctf6-ios-dev1.csv,1,0.0498
sysShutdown,sysShutdown,*/shutdown.log,magnet-mvs-2023-ios.csv,0,0.2175
lastBuild,lastbuild,*LastBuildInfo.plist,josh-hickman-ios15.csv,1,0.2705
lastBuild,lastbuild,*LastBuildInfo.plist,belkasoft-ctf6-ios-dev1.csv,1,0.0398
lastBuild,lastbuild,*LastBuildInfo.plist,magnet-mvs-2023-ios.csv,1,0.1905
twint,Twint,*/var/mobile/Containers/Data/Application/*/Library/Application Support/Twint.sqlite*,josh-hickman-ios15.csv,0,0.8991
twint,Twint,*/var/mobile/Containers/Data/Application/*/Library/Application Support/Twint.sqlite*,belkasoft-ctf6-ios-dev1.csv,0,0.1478
twint,Twint,*/var/mobile/Containers/Data/Application/*/Library/Application Support/Twint.sqlite*,magnet-mvs-2023-ios.csv,0,0.7153
Ph2BasicAssetandAlbumData,Ph2-1-Asset Basic & GenAlbum Data-PhDaPsql,*/PhotoData/Photos.sqlite*,josh-hickman-ios15.csv,3,0.9066
Ph2BasicAssetandAlbumData,Ph2-1-Asset Basic & GenAlbum Data-PhDaPsql,*/PhotoData/Photos.sqlite*,belkasoft-ctf6-ios-dev1.csv,3,0.1438
Ph2BasicAssetandAlbumData,Ph2-1-Asset Basic & GenAlbum Data-PhDaPsql,*/PhotoData/Photos.sqlite*,magnet-mvs-2023-ios.csv,3,0.7386
Ph2BasicAssetandAlbumData,Ph2-2-Asset Basic & Conversation Data-SyndPL,*/mobile/Library/Photos/Libraries/Syndication.photoslibrary/database/Photos.sqlite*,josh-hickman-ios15.csv,3,0.8984
Ph2BasicAssetandAlbumData,Ph2-2-Asset Basic & Conversation Data-SyndPL,*/mobile/Library/Photos/Libraries/Syndication.photoslibrary/database/Photos.sqlite*,belkasoft-ctf6-ios-dev1.csv,3,0.1414
Ph2BasicAssetandAlbumData,Ph2-2-Asset Basic & Conversation Data-SyndPL,*/mobile/Library/Photos/Libraries/Syndication.photoslibrary/database/Photos.sqlite*,magnet-mvs-2023-ios.csv,3,0.6557
Ph9BurstAvalanche,Ph9-Burst Avalanche-PhDaPsql,*/PhotoData/Photos.sqlite*,josh-hickman-ios15.csv,3,0.9020
Ph9BurstAvalanche,Ph9-Burst Avalanche-PhDaPsql,*/PhotoData/Photos.sqlite*,belkasoft-ctf6-ios-dev1.csv,3,0.1482
Ph9BurstAvalanche,Ph9-Burst Avalanche-PhDaPsql,*/PhotoData/Photos.sqlite*,magnet-mvs-2023-ios.csv,3,0.6584
cloudkitSharing,cloudkitsharing,*NoteStore.sqlite*,josh-hickman-ios15.csv,3,0.8520
cloudkitSharing,cloudkitsharing,*NoteStore.sqlite*,belkasoft-ctf6-ios-dev1.csv,3,0.1363
cloudkitSharing,cloudkitsharing,*NoteStore.sqlite*,magnet-mvs-2023-ios.csv,3,0.6446
Ph3TrashedRemovedfromCamRoll,Ph3-1-Recently Deleted Trashed-PhDaPsql,*/PhotoData/Photos.sqlite*,josh-hickman-ios15.csv,3,0.9795
Ph3TrashedRemovedfromCamRoll,Ph3-1-Recently Deleted Trashed-PhDaPsql,*/PhotoData/Photos.sqlite*,belkasoft-ctf6-ios-dev1.csv,3,0.1559
Ph3TrashedRemovedfromCamRoll,Ph3-1-Recently Deleted Trashed-PhDaPsql,*/PhotoData/Photos.sqlite*,magnet-mvs-2023-ios.csv,3,0.6602
Ph3TrashedRemovedfromCamRoll,Ph3-2-Removed from Camera Roll-SyndPL,*/mobile/Library/Photos/Libraries/Syndication.photoslibrary/database/Photos.sqlite*,josh-hickman-ios15.csv,3,0.8685
Ph3TrashedRemovedfromCamRoll,Ph3-2-Removed from Camera Roll-SyndPL,*/mobile/Library/Photos/Libraries/Syndication.photoslibrary/database/Photos.sqlite*,belkasoft-ctf6-ios-dev1.csv,3,0.1400
Ph3TrashedRemovedfromCamRoll,Ph3-2-Removed from Camera Roll-SyndPL,*/mobile/Library/Photos/Libraries/Syndication.photoslibrary/database/Photos.sqlite*,magnet-mvs-2023-ios.csv,3,0.6492
chatgpt,chatgpt,**/Containers/Data/Application/*/Library/Application Support/conversations-*/*.*,josh-hickman-ios15.csv,0,0.8613
chatgpt,chatgpt,**/Containers/Data/Application/*/Library/Application Support/drafts-*/*.*,josh-hickman-ios15.csv,0,0.8663
chatgpt,chatgpt,**/Containers/Data/Application/*/Library/Preferences/com.openai.chat.StatsigService.plist,josh-hickman-ios15.csv,0,0.7942
chatgpt,chatgpt,**/Containers/Data/Application/*/Library/Preferences/com.segment.storage.oai.plist,josh-hickman-ios15.csv,0,0.8007
chatgpt,chatgpt,**/Containers/Data/Application/*/Library/Preferences/com.openai.chat.plist,josh-hickman-ios15.csv,0,0.8068
chatgpt,chatgpt,**/Containers/Data/Application/*/tmp/recordings/*.*,josh-hickman-ios15.csv,0,0.8780
chatgpt,chatgpt,**/Containers/Data/Application/*/tmp/photo-*.*,josh-hickman-ios15.csv,0,0.8643
chatgpt,chatgpt,**/Containers/Data/Application/*/tmp/*/*.*,josh-hickman-ios15.csv,48,0.8702
chatgpt,chatgpt,**/Containers/Data/Application/*/Library/Application Support/conversations-*/*.*,belkasoft-ctf6-ios-dev1.csv,0,0.1349
chatgpt,chatgpt,**/Containers/Data/Application/*/Library/Application Support/drafts-*/*.*,belkasoft-ctf6-ios-dev1.csv,0,0.1328
chatgpt,chatgpt,**/Containers/Data/Application/*/Library/Preferences/com.openai.chat.StatsigService.plist,belkasoft-ctf6-ios-dev1.csv,0,0.1157
chatgpt,chatgpt,**/Containers/Data/Application/*/Library/Preferences/com.segment.storage.oai.plist,belkasoft-ctf6-ios-dev1.csv,0,0.1165
chatgpt,chatgpt,**/Containers/Data/Application/*/Library/Preferences/com.openai.chat.plist,belkasoft-ctf6-ios-dev1.csv,0,0.1155
chatgpt,chatgpt,**/Containers/Data/Application/*/tmp/recordings/*.*,belkasoft-ctf6-ios-dev1.csv,0,0.1343
chatgpt,chatgpt,**/Containers/Data/Application/*/tmp/photo-*.*,belkasoft-ctf6-ios-dev1.csv,0,0.1401
chatgpt,chatgpt,**/Containers/Data/Application/*/tmp/*/*.*,belkasoft-ctf6-ios-dev1.csv,6,0.1379
chatgpt,chatgpt,**/Containers/Data/Application/*/Library/Application Support/conversations-*/*.*,magnet-mvs-2023-ios.csv,0,0.6833
chatgpt,chatgpt,**/Containers/Data/Application/*/Library/Application Support/drafts-*/*.*,magnet-mvs-2023-ios.csv,0,0.6909
chatgpt,chatgpt,**/Containers/Data/Application/*/Library/Preferences/com.openai.chat.StatsigService.plist,magnet-mvs-2023-ios.csv,0,0.6060
chatgpt,chatgpt,**/Containers/Data/Application/*/Library/Preferences/com.segment.storage.oai.plist,magnet-mvs-2023-ios.csv,0,0.6234
chatgpt,chatgpt,**/Containers/Data/Application/*/Library/Preferences/com.openai.chat.plist,magnet-mvs-2023-ios.csv,0,0.6200
chatgpt,chatgpt,**/Containers/Data/Application/*/tmp/recordings/*.*,magnet-mvs-2023-ios.csv,0,0.6631
chatgpt,chatgpt,**/Containers/Data/Application/*/tmp/photo-*.*,magnet-mvs-2023-ios.csv,0,0.6508
chatgpt,chatgpt,**/Containers/Data/Application/*/tmp/*/*.*,magnet-mvs-2023-ios.csv,13,0.6519
Ph16AssetPeopleandDetFaces,Ph16-1-People & Faces Asset Data-PhDaPsql,*/PhotoData/Photos.sqlite*,josh-hickman-ios15.csv,3,0.8912
Ph16AssetPeopleandDetFaces,Ph16-1-People & Faces Asset Data-PhDaPsql,*/PhotoData/Photos.sqlite*,belkasoft-ctf6-ios-dev1.csv,3,0.1419
Ph16AssetPeopleandDetFaces,Ph16-1-People & Faces Asset Data-PhDaPsql,*/PhotoData/Photos.sqlite*,magnet-mvs-2023-ios.csv,3,0.6640
Ph16AssetPeopleandDetFaces,Ph16-2-People & Faces Asset Data-SyndPL,*/mobile/Library/Photos/Libraries/Syndication.photoslibrary/database/Photos.sqlite*,josh-hickman-ios15.csv,3,0.8796
Ph16AssetPeopleandDetFaces,Ph16-2-People & Faces Asset Data-SyndPL,*/mobile/Library/Photos/Libraries/Syndication.photoslibrary/database/Photos.sqlite*,belkasoft-ctf6-ios-dev1.csv,3,0.1385
Ph16AssetPeopleandDetFaces,Ph16-2-People & Faces Asset Data-SyndPL,*/mobile/Library/Photos/Libraries/Syndication.photoslibrary/database/Photos.sqlite*,magnet-mvs-2023-ios.csv,3,0.6407
ControlCenter,controlcenter,*/mobile/Library/ControlCenter/ModuleConfiguration.plist,josh-hickman-ios15.csv,1,0.3056
ControlCenter,controlcenter,*/mobile/Library/ControlCenter/ModuleConfiguration.plist,belkasoft-ctf6-ios-dev1.csv,1,0.0507
ControlCenter,controlcenter,*/mobile/Library/ControlCenter/ModuleConfiguration.plist,magnet-mvs-2023-ios.csv,1,0.2228
Ph4Hidden,Ph4-Hidden-PhDaPsql,*/PhotoData/Photos.sqlite*,josh-hickman-ios15.csv,3,0.8957
Ph4Hidden,Ph4-Hidden-PhDaPsql,*/PhotoData/Photos.sqlite*,belkasoft-ctf6-ios-dev1.csv,3,0.1477
Ph4Hidden,Ph4-Hidden-PhDaPsql,*/PhotoData/Photos.sqlite*,magnet-mvs-2023-ios.csv,3,0.6632
tikTokReplied,tiktok_replied,*/Application/*/Library/Application Support/ChatFiles/*/db.sqlite*,josh-hickman-ios15.csv,4,0.8583
tikTokReplied,tiktok_replied,*AwemeIM.db*,josh-hickman-ios15.csv,1,0.8445
tikTokReplied,tiktok_replied,*/Application/*/Library/Application Support/ChatFiles/*/db.sqlite*,belkasoft-ctf6-ios-dev1.csv,4,0.1394
tikTokReplied,tiktok_replied,*AwemeIM.db*,belkasoft-ctf6-ios-dev1.csv,1,0.1364
tikTokReplied,tiktok_replied,*/Application/*/Library/Application Support/ChatFiles/*/db.sqlite*,magnet-mvs-2023-ios.csv,0,0.6475
tikTokReplied,tiktok_replied,*AwemeIM.db*,magnet-mvs-2023-ios.csv,1,0.6392
iTunesBackupInfo,iTunesBackupInfo,*Info.plist,josh-hickman-ios15.csv,8971,0.2681
iTunesBackupInfo,iTunesBackupInfo,*info.plist,josh-hickman-ios15.csv,7,0.3054
iTunesBackupInfo,iTunesBackupInfo,*Info.plist,belkasoft-ctf6-ios-dev1.csv,989,0.0421
iTunesBackupInfo,iTunesBackupInfo,*info.plist,belkasoft-ctf6-ios-dev1.csv,2,0.0440
iTunesBackupInfo,iTunesBackupInfo,*Info.plist,magnet-mvs-2023-ios.csv,8140,0.1887
iTunesBackupInfo,iTunesBackupInfo,*info.plist,magnet-mvs-2023-ios.csv,11,0.2245
whatsappContacts,whatsappContacts,*/var/mobile/Containers/Shared/AppGroup/*/ContactsV2.sqlite*,josh-hickman-ios15.csv,0,0.8853
whatsappContacts,whatsappContacts,*/var/mobile/Containers/Shared/AppGroup/*/ContactsV2.sqlite*,belkasoft-ctf6-ios-dev1.csv,0,0.1441
whatsappContacts,whatsappContacts,*/var/mobile/Containers/Shared/AppGroup/*/ContactsV2.sqlite*,magnet-mvs-2023-ios.csv,3,0.6592
mobileBackupplist,Mobile_Backup_plist,*/Library/Preferences/com.apple.MobileBackup.plist,josh-hickman-ios15.csv,1,0.3051
mobileBackupplist,Mobile_Backup_plist,*/Library/Preferences/com.apple.MobileBackup.plist,belkasoft-ctf6-ios-dev1.csv,1,0.0499
mobileBackupplist,Mobile_Backup_plist,*/Library/Preferences/com.apple.MobileBackup.plist,magnet-mvs-2023-ios.csv,1,0.2188
Ph20AlbumsNAD,Ph20-1-Album Records with NAD-PhDaPsql,*/PhotoData/Photos.sqlite*,josh-hickman-ios15.csv,3,0.9402
Ph20AlbumsNAD,Ph20-1-Album Records with NAD-PhDaPsql,*/PhotoData/Photos.sqlite*,belkasoft-ctf6-ios-dev1.csv,3,0.1442
Ph20AlbumsNAD,Ph20-1-Album Records with NAD-PhDaPsql,*/PhotoData/Photos.sqlite*,magnet-mvs-2023-ios.csv,3,0.6592
Ph20AlbumsNAD,Ph20-2-Album Records with NAD-SyndPL,*/mobile/Library/Photos/Libraries/Syndication.photoslibrary/database/Photos.sqlite*,josh-hickman-ios15.csv,3,0.8660
Ph20AlbumsNAD,Ph20-2-Album Records with NAD-SyndPL,*/mobile/Library/Photos/Libraries/Syndication.photoslibrary/database/Photos.sqlite*,belkasoft-ctf6-ios-dev1.csv,3,0.1407
Ph20AlbumsNAD,Ph20-2-Album Records with NAD-SyndPL,*/mobile/Library/Photos/Libraries/Syndication.photoslibrary/database/Photos.sqlite*,magnet-mvs-2023-ios.csv,3,0.6431
uberPlaces,uberPlaces,*/private/var/mobile/Containers/Data/Application/*/Documents/database.db*,josh-hickman-ios15.csv,0,0.8692
uberPlaces,uberPlaces,*/private/var/mobile/Containers/Data/Application/*/Documents/database.db*,belkasoft-ctf6-ios-dev1.csv,0,0.1378
uberPlaces,uberPlaces,*/private/var/mobile/Containers/Data/Application/*/Documents/database.db*,magnet-mvs-2023-ios.csv,0,0.6449
Ph21AlbumsNonSharedNAD,Ph21-Non-Shared Album Records with NAD-PhDaPsql,*/PhotoData/Photos.sqlite*,josh-hickman-ios15.csv,3,0.8934
Ph21AlbumsNonSharedNAD,Ph21-Non-Shared Album Records with NAD-PhDaPsql,*/PhotoData/Photos.sqlite*,belkasoft-ctf6-ios-dev1.csv,3,0.1451
Ph21AlbumsNonSharedNAD,Ph21-Non-Shared Album Records with NAD-PhDaPsql,*/PhotoData/Photos.sqlite*,magnet-mvs-2023-ios.csv,3,0.6724
Ph96iOS16REFforAssetAnalysis,Ph96-1-iOS16_Ref_for_Asset_Analysis-PhDaPsql,*/PhotoData/Photos.sqlite*,josh-hickman-ios15.csv,3,0.8953
Ph96iOS16REFforAssetAnalysis,Ph96-1-iOS16_Ref_for_Asset_Analysis-PhDaPsql,*/PhotoData/Photos.sqlite*,belkasoft-ctf6-ios-dev1.csv,3,0.1462
Ph96iOS16REFforAssetAnalysis,Ph96-1-iOS16_Ref_for_Asset_Analysis-PhDaPsql,*/PhotoData/Photos.sqlite*,magnet-mvs-2023-ios.csv,3,0.6826
Ph96iOS16REFforAssetAnalysis,Ph96-2-iOS16_Ref_for_Asset_Analysis-SyndPL,*/mobile/Library/Photos/Libraries/Syndication.photoslibrary/database/Photos.sqlite*,josh-hickman-ios15.csv,3,0.8716
Ph96iOS16REFforAssetAnalysis,Ph96-2-iOS16_Ref_for_Asset_Analysis-SyndPL,*/mobile/Library/Photos/Libraries/Syndication.photoslibrary/database/Photos.sqlite*,belkasoft-ctf6-ios-dev1.csv,3,0.1388
Ph96iOS16REFforAssetAnalysis,Ph96-2-iOS16_Ref_for_Asset_Analysis-SyndPL,*/mobile/Library/Photos/Libraries/Syndication.photoslibrary/database/Photos.sqlite*,magnet-mvs-2023-ios.csv,3,0.6560
burnerCache,burnerCache,*/Library/Caches/com.adhoclabs.burner/Cache.db*,josh-hickman-ios15.csv,3,0.8858
burnerCache,burnerCache,*/mobile/Containers/Data/Application/*/.com.apple.mobile_container_manager.metadata.plist,josh-hickman-ios15.csv,179,0.7941
burnerCache,burnerCache,*/Library/Caches/com.adhoclabs.burner/Cache.db*,belkasoft-ctf6-ios-dev1.csv,0,0.1423
burnerCache,burnerCache,*/mobile/Containers/Data/Application/*/.com.apple.mobile_container_manager.metadata.plist,belkasoft-ctf6-ios-dev1.csv,164,0.1128
burnerCache,burnerCache,*/Library/Caches/com.adhoclabs.burner/Cache.db*,magnet-mvs-2023-ios.csv,0,0.6630
burnerCache,burnerCache,*/mobile/Containers/Data/Application/*/.com.apple.mobile_container_manager.metadata.plist,magnet-mvs-2023-ios.csv,185,0.6143
voicemail,voicemail,**/Voicemail/voicemail.db*,josh-hickman-ios15.csv,1,0.8922
voicemail,voicemail,**/Voicemail/*.amr,josh-hickman-ios15.csv,0,0.8800
voicemail,voicemail,**/Voicemail/voicemail.db*,belkasoft-ctf6-ios-dev1.csv,1,0.1418
voicemail,voicemail,**/Voicemail/*.amr,belkasoft-ctf6-ios-dev1.csv,0,0.1400
voicemail,voicemail,**/Voicemail/voicemail.db*,magnet-mvs-2023-ios.csv,1,0.6630
voicemail,voicemail,**/Voicemail/*.amr,magnet-mvs-2023-ios.csv,0,0.6543
waze,waze,*/mobile/Containers/Data/Application/*/Documents/user.db*,josh-hickman-ios15.csv,1,0.8717
waze,waze,*/mobile/Containers/Data/Application/*/.com.apple.mobile_container_manager.metadata.plist,josh-hickman-ios15.csv,179,0.7901
waze,waze,*/mobile/Containers/Data/Application/*/Documents/user.db*,belkasoft-ctf6-ios-dev1.csv,0,0.1418
waze,waze,*/mobile/Containers/Data/Application/*/.com.apple.mobile_container_manager.metadata.plist,belkasoft-ctf6-ios-dev1.csv,164,0.1146
waze,waze,*/mobile/Containers/Data/Application/*/Documents/user.db*,magnet-mvs-2023-ios.csv,0,0.6581
waze,waze,*/mobile/Containers/Data/Application/*/.com.apple.mobile_container_manager.metadata.plist,magnet-mvs-2023-ios.csv,185,0.6243
Ph100UFEDdevcievaluesplist,Ph100-UFED-device-values-Plist,*/device_values.plist,josh-hickman-ios15.csv,0,0.3000
Ph100UFEDdevcievaluesplist,Ph100-UFED-device-values-Plist,*/device_values.plist,belkasoft-ctf6-ios-dev1.csv,0,0.0454
Ph100UFEDdevcievaluesplist,Ph100-UFED-device-values-Plist,*/device_values.plist,magnet-mvs-2023-ios.csv,0,0.2244
adId,adId,*/containers/Shared/SystemGroup/*/Library/Caches/com.apple.lsdidentifiers.plist,josh-hickman-ios15.csv,1,0.8675
adId,adId,*/containers/Shared/SystemGroup/*/Library/Caches/com.apple.lsdidentifiers.plist,belkasoft-ctf6-ios-dev1.csv,1,0.1378
adId,adId,*/containers/Shared/SystemGroup/*/Library/Caches/com.apple.lsdidentifiers.plist,magnet-mvs-2023-ios.csv,1,0.6372
uberClient,uberClient,*/mobile/Containers/Data/Application/*/.com.apple.mobile_container_manager.metadata.plist,josh-hickman-ios15.csv,179,0.8038
uberClient,uberClient,*/mobile/Containers/Data/Application/*/.com.apple.mobile_container_manager.metadata.plist,belkasoft-ctf6-ios-dev1.csv,164,0.1177
uberClient,uberClient,*/mobile/Containers/Data/Application/*/.com.apple.mobile_container_manager.metadata.plist,magnet-mvs-2023-ios.csv,185,0.6144
WatchWornData,WatchWornData,*Health/healthdb_secure.sqlite*,josh-hickman-ios15.csv,3,0.8554
WatchWornData,WatchWornData,*Health/healthdb_secure.sqlite*,belkasoft-ctf6-ios-dev1.csv,3,0.1396
WatchWornData,WatchWornData,*Health/healthdb_secure.sqlite*,magnet-mvs-2023-ios.csv,3,0.6492
Ph95iOS15REFforAssetAnalysis,Ph95-1-iOS15_Ref_for_Asset_Analysis-PhDaPsql,*/PhotoData/Photos.sqlite*,josh-hickman-ios15.csv,3,0.8953
Ph95iOS15REFforAssetAnalysis,Ph95-1-iOS15_Ref_for_Asset_Analysis-PhDaPsql,*/PhotoData/Photos.sqlite*,belkasoft-ctf6-ios-dev1.csv,3,0.1401
Ph95iOS15REFforAssetAnalysis,Ph95-1-iOS15_Ref_for_Asset_Analysis-PhDaPsql,*/PhotoData/Photos.sqlite*,magnet-mvs-2023-ios.csv,3,0.6594
Ph95iOS15REFforAssetAnalysis,Ph95-2-iOS15_Ref_for_Asset_Analysis-SyndPL,*/mobile/Library/Photos/Libraries/Syndication.photoslibrary/database/Photos.sqlite*,josh-hickman-ios15.csv,3,0.8832
Ph95iOS15REFforAssetAnalysis,Ph95-2-iOS15_Ref_for_Asset_Analysis-SyndPL,*/mobile/Library/Photos/Libraries/Syndication.photoslibrary/database/Photos.sqlite*,belkasoft-ctf6-ios-dev1.csv,3,0.1393
Ph95iOS15REFforAssetAnalysis,Ph95-2-iOS15_Ref_for_Asset_Analysis-SyndPL,*/mobile/Library/Photos/Libraries/Syndication.photoslibrary/database/Photos.sqlite*,magnet-mvs-2023-ios.csv,3,0.6445
googleTranslate,googleTranslate,*/mobile/Containers/Data/Application/*/Documents/translate.db*,josh-hickman-ios15.csv,0,0.8611
googleTranslate,googleTranslate,*/mobile/Containers/Data/Application/*/Documents/translate.db*,belkasoft-ctf6-ios-dev1.csv,0,0.1338
googleTranslate,googleTranslate,*/mobile/Containers/Data/Application/*/Documents/translate.db*,magnet-mvs-2023-ios.csv,0,0.6511
Ph1BasicAssetData,Ph1-1-Asset Basic Data-PhDaPsql,*/PhotoData/Photos.sqlite*,josh-hickman-ios15.csv,3,0.8911
Ph1BasicAssetData,Ph1-1-Asset Basic Data-PhDaPsql,*/PhotoData/Photos.sqlite*,belkasoft-ctf6-ios-dev1.csv,3,0.1426
Ph1BasicAssetData,Ph1-1-Asset Basic Data-PhDaPsql,*/PhotoData/Photos.sqlite*,magnet-mvs-2023-ios.csv,3,0.6609
Ph1BasicAssetData,Ph1-2-Asset Basic Data-SyndPL,*/mobile/Library/Photos/Libraries/Syndication.photoslibrary/database/Photos.sqlite*,josh-hickman-ios15.csv,3,0.8594
Ph1BasicAssetData,Ph1-2-Asset Basic Data-SyndPL,*/mobile/Library/Photos/Libraries/Syndication.photoslibrary/database/Photos.sqlite*,belkasoft-ctf6-ios-dev1.csv,3,0.1405
Ph1BasicAssetData,Ph1-2-Asset Basic Data-SyndPL,*/mobile/Library/Photos/Libraries/Syndication.photoslibrary/database/Photos.sqlite*,magnet-mvs-2023-ios.csv,3,0.6441
Ph24AssetsInSharedAlbums,Ph24-Asset in Shared Albums & Invites-PhDaPsql,*/PhotoData/Photos.sqlite*,josh-hickman-ios15.csv,3,0.8900
Ph24AssetsInSharedAlbums,Ph24-Asset in Shared Albums & Invites-PhDaPsql,*/PhotoData/Photos.sqlite*,belkasoft-ctf6-ios-dev1.csv,3,0.1467
Ph24AssetsInSharedAlbums,Ph24-Asset in Shared Albums & Invites-PhDaPsql,*/PhotoData/Photos.sqlite*,magnet-mvs-2023-ios.csv,3,0.6580
Ph85acntsdcloudServiceEnableLogplist,Ph85-accountsd-cloud-Service-Enable-Log-Plist,*/com.apple.accountsd/cloudServiceEnableLog.plist,josh-hickman-ios15.csv,1,0.3008
Ph85acntsdcloudServiceEnableLogplist,Ph85-accountsd-cloud-Service-Enable-Log-Plist,*/com.apple.accountsd/cloudServiceEnableLog.plist,belkasoft-ctf6-ios-dev1.csv,1,0.0471
Ph85acntsdcloudServiceEnableLogplist,Ph85-accountsd-cloud-Service-Enable-Log-Plist,*/com.apple.accountsd/cloudServiceEnableLog.plist,magnet-mvs-2023-ios.csv,1,0.2208
Ph5HasLocations,Ph5-1-Assets have valid locations-PhDaPsql,*/PhotoData/Photos.sqlite*,josh-hickman-ios15.csv,3,0.9122
Ph5HasLocations,Ph5-1-Assets have valid locations-PhDaPsql,*/PhotoData/Photos.sqlite*,belkasoft-ctf6-ios-dev1.csv,3,0.1444
Ph5HasLocations,Ph5-1-Assets have valid locations-PhDaPsql,*/PhotoData/Photos.sqlite*,magnet-mvs-2023-ios.csv,3,0.6641
Ph5HasLocations,Ph5-2-Assets have valid locations-SyndPL,*/mobile/Library/Photos/Libraries/Syndication.photoslibrary/database/Photos.sqlite*,josh-hickman-ios15.csv,3,0.8741
Ph5HasLocations,Ph5-2-Assets have valid locations-SyndPL,*/mobile/Library/Photos/Libraries/Syndication.photoslibrary/database/Photos.sqlite*,belkasoft-ctf6-ios-dev1.csv,3,0.1406
Ph5HasLocations,Ph5-2-Assets have valid locations-SyndPL,*/mobile/Library/Photos/Libraries/Syndication.photoslibrary/database/Photos.sqlite*,magnet-mvs-2023-ios.csv,3,0.6477
Ph15PeopleandDetFacesNAD,Ph15-1-People & Faces NAD-PhDaPsql,*/PhotoData/Photos.sqlite*,josh-hickman-ios15.csv,3,0.8854
Ph15PeopleandDetFacesNAD,Ph15-1-People & Faces NAD-PhDaPsql,*/PhotoData/Photos.sqlite*,belkasoft-ctf6-ios-dev1.csv,3,0.1429
Ph15PeopleandDetFacesNAD,Ph15-1-People & Faces NAD-PhDaPsql,*/PhotoData/Photos.sqlite*,magnet-mvs-2023-ios.csv,3,0.6681
Ph15PeopleandDetFacesNAD,Ph15-2-People & Faces NAD-SyndPL,*/mobile/Library/Photos/Libraries/Syndication.photoslibrary/database/Photos.sqlite*,josh-hickman-ios15.csv,3,0.8882
Ph15PeopleandDetFacesNAD,Ph15-2-People & Faces NAD-SyndPL,*/mobile/Library/Photos/Libraries/Syndication.photoslibrary/database/Photos.sqlite*,belkasoft-ctf6-ios-dev1.csv,3,0.1402
Ph15PeopleandDetFacesNAD,Ph15-2-People & Faces NAD-SyndPL,*/mobile/Library/Photos/Libraries/Syndication.photoslibrary/database/Photos.sqlite*,magnet-mvs-2023-ios.csv,3,0.6584
knowledgeC,knowledgeC,*/mobile/Library/CoreDuet/Knowledge/knowledgeC.db*,josh-hickman-ios15.csv,3,0.8879
knowledgeC,knowledgeC,*/mobile/Library/CoreDuet/Knowledge/knowledgeC.db*,belkasoft-ctf6-ios-dev1.csv,3,0.1406
knowledgeC,knowledgeC,*/mobile/Library/CoreDuet/Knowledge/knowledgeC.db*,magnet-mvs-2023-ios.csv,3,0.6635
Ph7Favorite,Ph7-Favorite-PhDaPsql,*/PhotoData/Photos.sqlite*,josh-hickman-ios15.csv,3,0.8894
Ph7Favorite,Ph7-Favorite-PhDaPsql,*/PhotoData/Photos.sqlite*,belkasoft-ctf6-ios-dev1.csv,3,0.1436
Ph7Favorite,Ph7-Favorite-PhDaPsql,*/PhotoData/Photos.sqlite*,magnet-mvs-2023-ios.csv,3,0.6703
calendarAll,calendar,**/Calendar.sqlitedb,josh-hickman-ios15.csv,1,0.3002
calendarAll,calendar,**/Calendar.sqlitedb,belkasoft-ctf6-ios-dev1.csv,1,0.0448
calendarAll,calendar,**/Calendar.sqlitedb,magnet-mvs-2023-ios.csv,1,0.2196
Ph70UserAdjustDateTimezoneLocation,Ph70-1-Possible_Adjust_Date-Timezone-Location-PhDaPsql,*/PhotoData/Photos.sqlite*,josh-hickman-ios15.csv,3,0.8926
Ph70UserAdjustDateTimezoneLocation,Ph70-1-Possible_Adjust_Date-Timezone-Location-PhDaPsql,*/PhotoData/Photos.sqlite*,belkasoft-ctf6-ios-dev1.csv,3,0.1442
Ph70UserAdjustDateTimezoneLocation,Ph70-1-Possible_Adjust_Date-Timezone-Location-PhDaPsql,*/PhotoData/Photos.sqlite*,magnet-mvs-2023-ios.csv,3,0.6713
Ph70UserAdjustDateTimezoneLocation,Ph71-1-Possible_Adjust_Date-Timezone-PhDaPsql,*/PhotoData/Photos.sqlite*,josh-hickman-ios15.csv,3,0.8984
Ph70UserAdjustDateTimezoneLocation,Ph71-1-Possible_Adjust_Date-Timezone-PhDaPsql,*/PhotoData/Photos.sqlite*,belkasoft-ctf6-ios-dev1.csv,3,0.1498
Ph70UserAdjustDateTimezoneLocation,Ph71-1-Possible_Adjust_Date-Timezone-PhDaPsql,*/PhotoData/Photos.sqlite*,magnet-mvs-2023-ios.csv,3,0.6989
Ph70UserAdjustDateTimezoneLocation,Ph72-1-Possible_Adjust_Date-Location-PhDaPsql,*/PhotoData/Photos.sqlite*,josh-hickman-ios15.csv,3,0.8920
Ph70UserAdjustDateTimezoneLocation,Ph72-1-Possible_Adjust_Date-Location-PhDaPsql,*/PhotoData/Photos.sqlite*,belkasoft-ctf6-ios-dev1.csv,3,0.1427
Ph70UserAdjustDateTimezoneLocation,Ph72-1-Possible_Adjust_Date-Location-PhDaPsql,*/PhotoData/Photos.sqlite*,magnet-mvs-2023-ios.csv,3,0.6616
Ph70UserAdjustDateTimezoneLocation,Ph73-1-Possible_Adjust_Date-PhDaPsql,*/PhotoData/Photos.sqlite*,josh-hickman-ios15.csv,3,0.8925
Ph70UserAdjustDateTimezoneLocation,Ph73-1-Possible_Adjust_Date-PhDaPsql,*/PhotoData/Photos.sqlite*,belkasoft-ctf6-ios-dev1.csv,3,0.1430
Ph70UserAdjustDateTimezoneLocation,Ph73-1-Possible_Adjust_Date-PhDaPsql,*/PhotoData/Photos.sqlite*,magnet-mvs-2023-ios.csv,3,0.6606
Ph70UserAdjustDateTimezoneLocation,Ph74-1-Possible_Adjust_Timezone-Location-PhDaPsql,*/PhotoData/Photos.sqlite*,josh-hickman-ios15.csv,3,0.8904
Ph70UserAdjustDateTimezoneLocation,Ph74-1-Possible_Adjust_Timezone-Location-PhDaPsql,*/PhotoData/Photos.sqlite*,belkasoft-ctf6-ios-dev1.csv,3,0.1454
Ph70UserAdjustDateTimezoneLocation,Ph74-1-Possible_Adjust_Timezone-Location-PhDaPsql,*/PhotoData/Photos.sqlite*,magnet-mvs-2023-ios.csv,3,0.6690
Ph70UserAdjustDateTimezoneLocation,Ph75-1-Possible_Adjust_Timezone-PhDaPsql,*/PhotoData/Photos.sqlite*,josh-hickman-ios15.csv,3,0.9035
Ph70UserAdjustDateTimezoneLocation,Ph75-1-Possible_Adjust_Timezone-PhDaPsql,*/PhotoData/Photos.sqlite*,belkasoft-ctf6-ios-dev1.csv,3,0.1472
Ph70UserAdjustDateTimezoneLocation,Ph75-1-Possible_Adjust_Timezone-PhDaPsql,*/PhotoData/Photos.sqlite*,magnet-mvs-2023-ios.csv,3,0.6607
Ph70UserAdjustDateTimezoneLocation,Ph76-1-Possible_Adjust_Location-PhDaPsql,*/PhotoData/Photos.sqlite*,josh-hickman-ios15.csv,3,0.8813
Ph70UserAdjustDateTimezoneLocation,Ph76-1-Possible_Adjust_Location-PhDaPsql,*/PhotoData/Photos.sqlite*,belkasoft-ctf6-ios-dev1.csv,3,0.1424
Ph70UserAdjustDateTimezoneLocation,Ph76-1-Possible_Adjust_Location-PhDaPsql,*/PhotoData/Photos.sqlite*,magnet-mvs-2023-ios.csv,3,0.6665
tcc,tcc,*/mobile/Library/TCC/TCC.db*,josh-hickman-ios15.csv,3,0.8908
tcc,tcc,*/mobile/Library/TCC/TCC.db*,belkasoft-ctf6-ios-dev1.csv,3,0.1406
tcc,tcc,*/mobile/Library/TCC/TCC.db*,magnet-mvs-2023-ios.csv,3,0.6572
life360,Life360,*/com.life360.safetymap *.log,josh-hickman-ios15.csv,0,0.8855
life360,Life360,*/Library/Application Support/Messaging.sqlite*,josh-hickman-ios15.csv,0,0.8829
life360,Life360,*/com.life360.safetymap *.log,belkasoft-ctf6-ios-dev1.csv,0,0.1410
life360,Life360,*/Library/Application Support/Messaging.sqlite*,belkasoft-ctf6-ios-dev1.csv,0,0.1414
life360,Life360,*/com.life360.safetymap *.log,magnet-mvs-2023-ios.csv,0,0.6500
life360,Life360,*/Library/Application Support/Messaging.sqlite*,magnet-mvs-2023-ios.csv,0,0.6506
